chr18	67068283	67516322	NM_152721	0	+	67068480	67508619	0	8	263,108,115,120,190,139,118,7843,	0,163439,198336,276686,297356,337917,356708,440196,
chr18	33552587	33559250	NM_001201476	0	+	33552691	33558890	0	4	181,23,200,453,	0,260,2271,6210,
chr18	33552587	33559250	NM_031446	0	+	33552691	33558969	0	5	181,23,200,191,453,	0,260,2271,4785,6210,
chr18	7567313	8406859	NM_002845	0	+	7567816	8406160	0	31	576,123,272,79,116,175,294,309,110,202,103,274,37,133,152,75,188,88,77,37,98,117,155,136,150,174,132,126,164,136,753,	0,206833,320790,339189,359252,381865,387805,502370,509139,518355,521433,546170,547475,576331,676742,680529,685911,729052,747465,751862,776107,803574,808730,809146,810949,811851,812980,817245,819756,827160,838793,
chr18	49866541	51062273	NM_005215	0	+	49867157	51057023	0	29	707,321,285,151,137,155,121,157,155,149,139,50,142,111,195,96,233,139,108,195,33,66,163,227,117,162,213,143,5340,	0,411882,565872,583535,585062,723133,725874,817184,838790,865044,867507,875376,965406,981875,999541,1045871,1051483,1057136,1062614,1070280,1075952,1094972,1110328,1119060,1127722,1146625,1159126,1186445,1190392,
chr18	7567313	8406859	NM_001105244	0	+	7567816	8406160	0	33	576,123,272,79,116,175,294,309,110,202,103,274,37,133,152,75,27,12,188,88,77,37,98,117,155,136,150,174,132,126,164,136,753,	0,206833,320790,339189,359252,381865,387805,502370,509139,518355,521433,546170,547475,576331,676742,680529,680834,685172,685911,729052,747465,751862,776107,803574,808730,809146,810949,811851,812980,817245,819756,827160,838793,
chr18	33552587	33559250	NM_001201475	0	+	33555022	33558969	0	4	283,200,191,453,	0,2271,4785,6210,
chr18	33552587	33559250	NM_001201474	0	+	33555022	33558969	0	4	216,200,191,453,	0,2271,4785,6210,
chr18	3066804	3220106	NM_019856	0	-	3067259	3215221	0	37	749,56,23,37,164,106,39,88,114,68,60,145,137,45,107,157,115,185,127,197,122,175,184,125,57,200,142,162,165,63,89,93,158,340,141,318,306,	0,5027,8647,8918,12372,16982,17182,18238,19231,22367,22730,23851,27363,33352,33513,35667,45491,49524,53062,59894,64568,67843,68740,75132,82338,84887,88140,97471,102010,107131,107313,109235,120673,121941,127011,148127,152996,
chr18	3496029	4455266	NM_004746	0	-	3499182	3880068	0	13	3363,153,92,422,92,374,241,178,215,1029,86,108,261,	0,6461,12538,38162,71458,85843,233105,246305,318029,383082,509086,655150,958976,
chr18	3502142	4455266	NM_001242761	0	-	3502424	3880068	0	12	501,92,422,92,374,241,178,215,1029,86,108,261,	0,6425,32049,65345,79730,226992,240192,311916,376969,502973,649037,952863,
chr18	3066804	3220106	NM_003803	0	-	3067259	3215221	0	38	749,56,23,37,164,106,39,88,114,68,60,145,137,45,107,157,115,185,127,197,288,122,175,184,125,57,200,142,162,165,63,89,93,158,340,141,318,306,	0,5027,8647,8918,12372,16982,17182,18238,19231,22367,22730,23851,27363,33352,33513,35667,45491,49524,53062,59894,62425,64568,67843,68740,75132,82338,84887,88140,97471,102010,107131,107313,109235,120673,121941,127011,148127,152996,
chr18	5954704	6414910	NM_173464	0	-	5956218	6311624	0	20	1682,63,170,27,71,174,103,115,111,86,77,155,92,136,105,92,55,103,59,111,	0,5388,14687,92022,126175,138649,183488,217122,258443,261044,283258,285012,286652,288588,289778,309241,347197,356848,357292,460095,
chr18	13278103	13652753	NM_181481	0	+	13387721	13645656	0	6	84,422,141,155,54,7628,	0,109236,160139,343012,365254,367022,
chr18	12446510	12656731	NM_001128627	0	-	12449636	12635072	0	16	3385,137,28,71,138,143,91,173,130,87,165,78,126,231,35,82,	0,5743,5973,6556,7834,16839,18356,33187,46560,49504,59965,65942,88964,100162,188550,210139,
chr18	10454624	10488698	NM_153000	0	+	10454978	10488035	0	5	412,184,532,322,1112,	0,13841,16902,30834,32962,
chr18	12446510	12657912	NM_001128626	0	-	12449636	12657865	0	17	3385,137,28,71,138,143,91,173,42,130,87,165,78,126,231,35,384,	0,5743,5973,6556,7834,16839,18356,33187,39447,46560,49504,59965,65942,88964,100162,188550,211018,
chr18	13611762	13652753	NM_001276249	0	+	13621165	13645656	0	4	301,155,54,7628,	0,9353,31595,33363,
chr18	13218728	13652753	NM_181482	0	+	13387721	13645656	0	6	259,84,422,141,155,7628,	0,59375,168611,219514,402387,426397,
chr18	12446510	12657912	NM_020148	0	-	12449636	12657865	0	16	3385,137,28,71,138,143,91,173,130,87,165,78,126,231,35,384,	0,5743,5973,6556,7834,16839,18356,33187,46560,49504,59965,65942,88964,100162,188550,211018,
chr18	13611462	13652753	NM_001003675	0	+	13612703	13645656	0	3	1311,155,7628,	0,9653,33663,
chr18	13611462	13652753	NM_001003674	0	+	13612703	13645656	0	4	1311,155,54,7628,	0,9653,31895,33663,
chr18	22006608	22033494	NM_018439	0	+	22006720	22030811	0	11	148,129,53,63,86,123,104,74,91,135,2752,	0,1274,2224,3677,11310,13851,16404,18748,21448,23174,24134,
chr18	24034873	24129399	NM_001136205	0	-	24035706	24081199	0	5	992,306,145,179,545,	0,4710,21605,46162,93981,
chr18	24034873	24129778	NM_001258221	0	-	24035706	24081199	0	5	992,306,145,179,86,	0,4710,21605,46162,94819,
chr18	24034873	24128500	NM_001142730	0	-	24035706	24128500	0	5	992,306,145,179,1809,	0,4710,21605,46162,91818,
chr18	20875978	21017925	NM_032933	0	-	20877970	21017816	0	15	2053,65,94,70,35,36,46,49,52,26,78,82,78,47,181,	0,13665,56181,60579,69619,72700,74201,75407,77697,81631,88975,103551,125352,134616,141766,
chr18	18822202	19102791	NM_001142966	0	+	18963479	19102782	0	33	152,110,166,198,177,177,123,117,120,138,186,327,129,135,198,181,193,134,340,116,245,578,103,156,140,162,205,166,228,142,201,136,173,	0,123785,141268,141964,153143,158908,161630,197279,198027,199158,201982,207268,208781,209841,212124,230789,234922,243378,247770,253428,254212,257487,258298,263170,263568,265876,266145,271579,273175,274371,275792,278446,280416,
chr18	24034873	24220308	NM_198991	0	-	24035706	24081199	0	6	992,306,145,179,91,34,	0,4710,21605,46162,174237,185401,
chr18	24034873	24237365	NM_001258222	0	-	24035706	24237332	0	5	992,306,145,179,42,	0,4710,21605,46162,202450,
chr18	31431063	31803515	NM_003787	0	-	31432805	31803217	0	11	1936,181,114,192,180,284,133,113,112,150,562,	0,32144,91965,106226,107139,168218,242365,252947,253949,278771,371890,
chr18	31431063	31802434	NM_001282527	0	-	31432805	31685073	0	11	1936,181,114,180,284,133,113,112,41,150,451,	0,32144,91965,107139,168218,242365,252947,253949,277749,278771,370920,
chr18	31431063	31803515	NM_001198548	0	-	31432805	31803217	0	9	1936,181,180,284,133,113,112,150,562,	0,32144,107139,168218,242365,252947,253949,278771,371890,
chr18	31431063	31802434	NM_001198547	0	-	31432805	31802025	0	11	1936,181,114,192,180,284,133,113,112,150,451,	0,32144,91965,106226,107139,168218,242365,252947,253949,278771,370920,
chr18	31431063	31803515	NM_001198546	0	-	31432805	31803217	0	10	1936,181,114,180,284,133,113,112,150,562,	0,32144,91965,107139,168218,242365,252947,253949,278771,371890,
chr18	31431063	31628576	NM_001198549	0	-	31432805	31599482	0	7	1936,181,114,192,180,284,174,	0,32144,91965,106226,107139,168218,197339,
chr18	34409079	34805288	NM_020776	0	+	34409101	34802190	0	10	80,36,143,95,116,128,656,182,109,3309,	0,5203,6117,15091,56440,130191,237773,331083,343856,392900,
chr18	46065426	46389586	NM_001142397	0	+	46145936	46385930	0	13	257,74,208,72,74,105,76,77,493,300,156,54,3872,	0,702,80482,97558,124696,125391,131613,172563,218863,222334,278165,318532,320288,
chr18	48086483	48258196	NM_001292040	0	+	48190328	48255538	0	4	130,1416,145,2669,	0,102975,154965,169044,
chr18	42792946	43263060	NM_001242692	0	+	43204629	43262484	0	21	210,90,184,181,190,129,193,148,135,50,175,123,83,160,190,129,193,148,135,50,777,	0,270251,411649,412701,413976,419368,424008,426764,428227,430150,431004,450803,453155,453953,454851,455367,456324,459918,460701,465993,469337,
chr18	43914186	44040783	NM_152470	0	+	43914237	44036599	0	8	112,316,108,130,105,96,107,4302,	0,98966,101065,113339,116072,116480,121750,122295,
chr18	48086483	48258196	NM_001292039	0	+	48241535	48256224	0	5	130,145,162,214,2669,	0,154965,161824,165848,169044,
chr18	46065426	46389586	NM_014772	0	+	46145936	46385930	0	12	257,208,72,74,105,76,77,487,300,156,54,3872,	0,80482,97558,124696,125391,131613,172563,218863,222334,278165,318532,320288,
chr18	48086483	48258196	NM_002747	0	+	48190328	48256224	0	6	130,1416,145,162,214,2669,	0,102975,154965,161824,165848,169044,
chr18	43914186	44040783	NM_001256758	0	+	44027616	44036599	0	6	112,130,105,96,107,4302,	0,113339,116072,116480,121750,122295,
chr18	54318615	54697036	NM_052834	0	+	54339746	54694438	0	27	192,178,107,79,175,77,120,146,103,142,249,221,196,215,770,89,119,124,114,222,187,118,150,83,100,105,2802,	0,21112,27947,29928,31294,34571,35470,39831,40330,43234,43565,44857,66579,79998,105198,107480,128046,130148,164646,228559,272537,284403,287148,287926,311045,369360,375619,
chr18	56530060	56653709	NM_018181	0	+	56585519	56651698	0	11	338,82,110,2363,182,177,163,282,113,148,2506,	0,2475,2641,55442,71604,76616,85238,90689,116226,118641,121143,
chr18	54318615	54697036	NM_015285	0	+	54339746	54694438	0	28	192,178,107,79,175,77,120,146,103,142,249,221,196,215,770,89,99,119,124,114,222,187,118,150,83,100,105,2802,	0,21112,27947,29928,31294,34571,35470,39831,40330,43234,43565,44857,66579,79998,105198,107480,125397,128046,130148,164646,228559,272537,284403,287148,287926,311045,369360,375619,
chr18	59711457	59854289	NM_012327	0	-	59713088	59828586	0	30	1755,53,43,74,76,56,87,103,103,109,109,92,93,100,140,183,79,56,93,60,41,117,131,125,107,99,122,253,126,213,	0,28448,30554,38448,40306,40984,44531,46251,51623,56850,58569,61318,62564,62761,65609,68909,70336,94018,94758,96195,99081,101684,102746,103989,110320,112904,113462,116908,119306,142619,
chr18	60790578	60986613	NM_000633	0	-	60795857	60985899	0	3	5414,871,207,	0,194736,195828,
chr18	59711457	59854289	NM_176787	0	-	59713088	59828586	0	31	1755,53,43,74,76,56,87,103,103,109,109,92,93,100,140,183,79,56,93,60,41,117,131,125,107,99,122,253,77,126,213,	0,28448,30554,38448,40306,40984,44531,46251,51623,56850,58569,61318,62564,62761,65609,68909,70336,94018,94758,96195,99081,101684,102746,103989,110320,112904,113462,116908,118028,119306,142619,
chr18	72342918	72633013	NM_001146189	0	+	72342975	72632668	0	7	4744,115,75,167,84,121,544,	0,10045,150465,246234,250073,258955,289551,
chr18	72342918	72516583	NM_001146190	0	+	72342975	72516025	0	4	4744,115,75,664,	0,10045,150465,173001,
chr18	72342918	72777628	NM_017757	0	+	72342975	72776424	0	8	4744,115,75,167,84,121,179,2523,	0,10045,150465,246234,250073,258955,289551,432187,
chr18	319354	500729	NM_130386	0	-	320044	500514	0	10	710,146,110,137,489,1047,99,123,51,222,	0,2307,12313,13652,15387,26940,28710,38045,161352,181153,
chr18	214519	268059	NM_005131	0	-	214625	268019	0	21	402,76,148,84,66,96,71,51,67,101,132,109,74,83,96,49,119,67,61,74,94,	0,909,1966,4366,8920,9564,10404,10569,10817,12281,31804,33329,38019,39753,44660,45162,45666,49506,50783,50937,53446,
chr18	721591	812327	NM_005433	0	-	724423	756827	0	12	3041,132,154,77,180,156,150,104,99,100,279,213,	0,11242,15216,18143,21326,21668,24116,24356,26328,30113,34965,90523,
chr18	649619	658340	NM_001012716	0	-	657875	658247	0	2	345,499,	0,8222,
chr18	2847027	2914090	NM_032048	0	+	2847186	2913402	0	8	293,123,176,1926,303,33,129,1026,	0,779,37934,43531,59753,61913,62661,66037,
chr18	2655885	2805015	NM_015295	0	+	2656074	2802550	0	48	375,76,162,83,131,115,120,167,91,211,121,184,195,114,107,83,114,78,120,145,97,73,140,135,228,149,89,119,168,126,80,158,116,65,88,132,153,127,120,86,123,191,110,71,172,159,115,2490,	0,10270,10983,17394,18128,32506,32740,38639,41144,41943,44651,44847,47804,49806,50476,51675,51919,62270,62427,66631,69011,70564,72569,73387,76377,82509,83544,84815,87873,91634,94155,94462,95390,96600,104764,106217,107749,113806,114101,115645,116362,119846,121918,122281,128562,140061,140519,146640,
chr18	3262610	3278282	NM_001144944	0	+	3272896	3277935	0	4	144,199,162,520,	0,10271,14640,15152,
chr18	3262716	3278282	NM_001144945	0	+	3272896	3277935	0	4	66,199,162,520,	0,10165,14534,15046,
chr18	3496029	3845358	NM_001242766	0	-	3499182	3845282	0	11	3363,153,92,422,92,374,30,241,178,215,127,	0,6461,12538,38162,71458,85843,160054,233105,246305,318029,349202,
chr18	3502142	3845358	NM_001242765	0	-	3502424	3845282	0	9	501,92,422,92,374,241,178,215,127,	0,6425,32049,65345,79730,226992,240192,311916,343089,
chr18	3496029	3874253	NM_001242764	0	-	3499182	3874228	0	10	3363,153,92,422,92,374,241,178,215,100,	0,6461,12538,38162,71458,85843,233105,246305,318029,378124,
chr18	3496029	3874767	NM_001242763	0	-	3499182	3874706	0	11	3363,153,92,422,92,374,30,241,178,215,154,	0,6461,12538,38162,71458,85843,160054,233105,246305,318029,378584,
chr18	3496029	3874767	NM_001242762	0	-	3499182	3874706	0	10	3363,153,92,422,92,290,241,178,215,154,	0,6461,12538,38162,71458,85843,233105,246305,318029,378584,
chr18	3262110	3278282	NM_033546	0	+	3272896	3277935	0	4	125,199,162,520,	0,10771,15140,15652,
chr18	3496029	3845358	NM_001003809	0	-	3499182	3845282	0	10	3363,153,92,422,92,374,241,178,215,127,	0,6461,12538,38162,71458,85843,233105,246305,318029,349202,
chr18	5392379	5628990	NM_001281535	0	-	5394681	5478293	0	22	1098,117,81,99,132,369,192,54,221,176,98,153,88,219,76,43,105,198,161,89,73,70,	0,2296,2686,3228,3820,4677,14396,18185,27330,30997,31881,35932,41088,41522,45654,51457,52759,85860,96620,219959,221970,236541,
chr18	5392379	5540555	NM_001281533	0	-	5393471	5489182	0	21	1098,81,99,132,369,123,192,36,54,221,176,98,153,88,219,76,43,105,198,194,217,	0,2686,3228,3820,4677,5640,14396,15320,18185,27330,30997,31881,35932,41088,41522,45654,51457,52759,85860,96620,147959,
chr18	5392379	5544309	NM_012307	0	-	5394681	5489182	0	23	1098,117,81,99,132,369,123,192,36,54,561,167,176,98,153,88,219,76,43,105,198,194,398,	0,2296,2686,3228,3820,4677,5640,14396,15320,18185,23437,27330,30997,31881,35932,41088,41522,45654,51457,52759,85860,96620,151532,
chr18	5392379	5544309	NM_001281534	0	-	5394681	5489182	0	20	1098,117,81,99,132,369,192,54,221,176,98,153,88,219,76,43,105,198,194,398,	0,2296,2686,3228,3820,4677,14396,18185,27330,30997,31881,35932,41088,41522,45654,51457,52759,85860,96620,151532,
chr18	6511414	6590652	NM_001243517	0	+	6511500	6590543	0	6	195,88,115,57,29,119,	0,2223,64574,77395,78031,79119,
chr18	6941742	7117813	NM_005559	0	-	6942077	7117719	0	63	496,223,134,154,159,190,113,130,186,152,174,115,142,145,151,125,151,134,144,155,183,117,94,136,164,117,211,160,112,90,143,194,87,122,138,121,128,186,180,144,237,137,181,107,212,87,128,111,112,212,102,174,141,161,106,179,118,90,180,243,113,171,155,	0,1436,5419,6659,7357,9038,13609,14892,16733,17597,19842,20201,22918,23544,24403,30113,31313,33159,34193,35983,36452,38777,40753,41355,43493,43783,44393,50817,51897,53613,55998,57701,58167,60520,65395,66744,67495,68456,69556,70251,72071,73978,74747,75534,81420,82636,84235,90322,91240,92735,94243,95834,97066,98332,100401,101483,102978,104534,107334,108950,138231,138543,175916,
chr18	9137560	9285983	NM_001204056	0	+	9182430	9281124	0	12	311,138,148,147,201,143,148,4721,99,144,96,5045,	0,44819,57988,71094,74021,79195,84289,116648,126227,137961,141986,143378,
chr18	8717368	8832775	NM_015210	0	+	8718448	8828944	0	17	56,59,225,159,60,1314,156,123,231,195,168,255,297,32,1534,57,1171,	0,533,1053,2967,60462,66159,68565,75627,78861,80726,89522,95608,101592,104096,107328,111537,114236,
chr18	9136750	9285983	NM_015208	0	+	9182430	9281124	0	13	213,138,148,69,147,201,143,148,4721,99,144,96,5045,	0,45629,58798,67723,71904,74831,80005,85099,117458,127037,138771,142796,144188,
chr18	9136750	9285983	NM_001083625	0	+	9182430	9281124	0	12	213,138,148,147,201,143,148,4721,99,144,96,5045,	0,45629,58798,71904,74831,80005,85099,117458,127037,138771,142796,144188,
chr18	9708227	9862553	NM_006868	0	+	9708402	9859322	0	7	214,80,82,72,107,110,3329,	0,67047,83923,105789,106885,137351,150997,
chr18	9546788	9614605	NM_005134	0	-	9547786	9614482	0	20	1162,142,135,121,101,162,186,96,173,527,128,159,66,108,147,143,107,85,45,130,	0,2406,3261,3487,6531,10430,12628,15189,16587,23366,30273,36326,37724,37930,41298,41920,46977,48227,67435,67687,
chr18	9546788	9614605	NM_001042388	0	-	9547786	9614482	0	20	1162,142,135,121,101,162,186,96,173,527,128,159,66,108,147,143,107,136,45,130,	0,2406,3261,3487,6531,10430,12628,15189,16587,23366,30273,36326,37724,37930,41298,41920,46977,48227,67435,67687,
chr18	10670243	11148761	NM_022068	0	-	10671523	11148587	0	52	1533,184,80,129,173,93,189,148,159,215,148,133,253,183,259,411,167,167,60,115,107,72,122,90,160,97,244,166,102,205,201,126,177,161,218,174,149,287,124,231,149,139,39,120,163,214,211,163,43,126,96,238,	0,2443,4962,7500,9952,11414,11857,19409,20979,25828,26146,27502,28679,31743,34148,35090,44518,45404,47954,61161,66358,70785,72248,73896,78225,79845,82390,87723,89236,89459,90665,92254,92676,99902,103166,114538,116790,118833,120955,124526,127128,130091,131144,133629,136866,185107,186755,201007,240940,309289,395882,478280,
chr18	12308256	12326568	NM_032525	0	+	12308291	12326129	0	4	92,109,111,1503,	0,429,2685,16809,
chr18	11751470	11885683	NM_001142339	0	+	11752432	11881134	0	13	235,247,73,55,120,98,55,74,59,121,131,68,4696,	0,860,1381,2156,2354,73446,110923,113061,115696,117071,120796,125149,129517,
chr18	11689013	11885683	NM_182978	0	+	11689562	11881134	0	12	925,73,55,120,98,55,74,59,121,131,68,4696,	0,63838,64613,64811,135903,173380,175518,178153,179528,183253,187606,191974,
chr18	11751470	11885683	NM_001261443	0	+	11752432	11881134	0	13	37,247,73,55,120,98,55,74,59,121,131,68,4696,	0,860,1381,2156,2354,73446,110923,113061,115696,117071,120796,125149,129517,
chr18	12792300	12884334	NM_002828	0	-	12794276	12884140	0	9	2184,182,153,210,135,99,101,91,263,	0,9668,21901,24854,33508,38641,44489,66862,91771,
chr18	12947982	12987536	NM_031216	0	+	12948120	12985251	0	9	249,51,147,212,99,141,158,151,2298,	0,3871,7479,15176,23169,30768,34534,36056,37256,
chr18	12702986	12725739	NM_020232	0	+	12703106	12725530	0	7	177,172,59,119,174,121,302,	0,3562,9714,15529,17522,21511,22451,
chr18	12991360	13125051	NM_032142	0	+	12999423	13124769	0	45	76,168,126,176,53,121,149,136,125,340,144,65,210,127,131,823,127,172,919,149,231,126,144,64,140,93,119,174,91,177,261,116,110,151,179,124,106,208,80,96,120,122,127,59,421,	0,8059,10095,17094,21611,23966,25826,27118,27720,38301,39103,45875,47008,49468,50842,57497,58403,61557,64418,66223,67720,76469,76732,76997,77490,77727,78376,79677,81393,81647,95655,96169,98094,101015,104141,104822,108114,108943,112147,113622,122224,122768,125015,126223,133270,
chr18	12785476	12884334	NM_080422	0	-	12785821	12884140	0	10	367,102,182,153,210,135,99,101,91,263,	0,8906,16492,28725,31678,40332,45465,51313,73686,98595,
chr18	12658737	12725739	NM_147163	0	+	12706584	12725530	0	7	35,172,59,119,174,121,302,	0,47811,53963,59778,61771,65760,66700,
chr18	12785476	12884334	NM_080423	0	-	12785821	12884140	0	9	367,182,153,210,135,99,101,91,263,	0,16492,28725,31678,40332,45465,51313,73686,98595,
chr18	12785476	12884334	NM_001207013	0	-	12785821	12884140	0	11	367,102,182,153,210,69,135,99,101,91,263,	0,8906,16492,28725,31678,33736,40332,45465,51313,73686,98595,
chr18	12947982	12987536	NM_001013437	0	+	12948120	12987056	0	9	249,51,147,212,99,141,158,151,676,	0,3871,7479,15176,23169,30768,34534,36056,38878,
chr18	13726703	13764554	NM_003799	0	+	13731516	13759978	0	12	25,129,459,136,126,113,182,165,118,102,34,4614,	0,3922,4771,7759,10305,13462,14805,15783,19515,25621,27409,33237,
chr18	13882042	13915535	NM_000529	0	-	13884623	13885517	0	2	3603,49,	0,33444,
chr18	13882042	13915706	NM_001291911	0	-	13884623	13885517	0	2	3603,78,	0,33586,
chr18	14748238	14852737	NM_001145029	0	+	14748418	14852479	0	36	401,115,174,107,138,65,405,31,73,91,62,88,29,73,62,91,29,73,29,73,29,73,62,91,29,73,31,73,79,62,91,29,73,214,169,1230,	0,4326,4599,6659,9575,12314,15446,21103,23916,29745,31720,34287,36096,36223,38799,43161,47981,48103,49421,49542,50861,50983,53977,55494,74243,74365,80038,83143,88971,89375,92348,94657,94784,100476,101974,103269,
chr18	18529702	18691812	NM_005406	0	-	18531344	18690871	0	33	1646,208,262,79,89,71,160,189,89,94,166,95,70,185,161,151,107,247,92,136,49,89,61,160,92,139,145,85,176,138,101,82,1034,	0,3836,5041,5425,10098,10394,17175,18010,19030,19373,20606,30168,33021,34609,37208,41434,43089,56609,56957,58317,65689,70409,73878,79034,89730,92355,92823,94360,95550,99350,100038,120790,161076,
chr18	19109261	19180693	NM_052911	0	-	19110303	19154804	0	12	1190,188,144,90,132,115,61,115,2117,106,131,110,	0,3172,6741,10619,31558,34902,36845,38679,44013,46371,55009,71322,
chr18	19230857	19284766	NM_138340	0	-	19231551	19284626	0	9	867,166,49,174,113,46,183,164,302,	0,5964,6207,8273,13221,33023,51419,52687,53607,
chr18	19321289	19450918	NM_020774	0	+	19321544	19444627	0	21	484,172,130,105,67,205,184,145,134,108,198,152,133,87,162,182,193,79,114,101,6432,	0,24443,27294,32295,36774,38152,50045,56755,58512,62578,74287,78166,97036,101802,102763,105615,107867,111811,115801,117217,123197,
chr18	20513294	20606449	NM_002894	0	+	20516814	20606203	0	19	233,207,43,96,113,67,176,105,98,113,892,127,89,115,144,70,97,142,344,	0,3422,13112,16286,35474,41821,48886,51554,55889,57605,59416,60389,63042,64288,68254,73031,83496,88797,92811,
chr18	20513838	20606449	NM_203292	0	+	20516814	20606210	0	18	284,207,43,96,113,67,176,105,98,113,892,127,89,115,144,70,142,344,	0,2878,12568,15742,34930,41277,48342,51010,55345,57061,58872,59845,62498,63744,67710,72487,88253,92267,
chr18	20513838	20606449	NM_203291	0	+	20516814	20606203	0	19	203,207,43,96,113,67,176,105,98,113,892,127,89,115,144,70,97,142,344,	0,2878,12568,15742,34930,41277,48342,51010,55345,57061,58872,59845,62498,63744,67710,72487,82952,88253,92267,
chr18	21452983	21535029	NM_000227	0	+	21453008	21534612	0	38	196,114,110,81,107,51,152,111,112,168,197,117,155,142,103,117,180,143,171,152,163,134,145,120,134,118,141,140,132,154,164,184,141,160,131,94,120,563,	0,3274,8916,11753,16991,21278,21887,25718,25934,26268,28107,29989,30913,31533,32502,34530,34736,36133,39691,41390,41678,42269,43531,47915,48432,55103,55605,58042,59140,60762,66203,70768,73124,76745,77009,78664,79970,81483,
chr18	21179977	21242849	NM_173505	0	-	21181189	21242694	0	10	1296,99,96,99,99,99,99,99,111,176,	0,12078,17718,19517,29839,34037,38835,46175,49069,62696,
chr18	21742010	21891470	NM_001242508	0	-	21743142	21883628	0	16	1235,91,124,117,127,90,108,183,98,135,76,157,163,107,82,53,	0,3018,4532,5282,8280,9362,10329,15966,17691,19098,34078,62995,77173,118795,141590,149407,
chr18	21452983	21535029	NM_001127718	0	+	21453008	21534612	0	37	196,114,110,81,107,51,152,111,112,197,117,155,142,103,117,180,143,171,152,163,134,145,120,134,118,141,140,132,154,164,184,141,160,131,94,120,563,	0,3274,8916,11753,16991,21278,21887,25718,25934,28107,29989,30913,31533,32502,34530,34736,36133,39691,41390,41678,42269,43531,47915,48432,55103,55605,58042,59140,60762,66203,70768,73124,76745,77009,78664,79970,81483,
chr18	21594383	21715574	NM_001135993	0	+	21594835	21712538	0	14	619,49,129,115,355,169,94,108,110,124,98,105,39,3126,	0,49720,51592,54737,66165,68493,100134,103705,109414,111007,114466,115893,117462,118065,
chr18	21269561	21535029	NM_001127717	0	+	21269647	21534612	0	74	380,153,118,119,171,92,116,119,91,132,63,135,138,47,100,53,106,100,157,124,143,98,154,161,109,98,145,127,140,116,212,205,145,141,162,99,84,231,114,110,81,107,51,152,111,112,197,117,155,142,103,117,180,143,171,152,163,134,145,120,134,118,141,140,132,154,164,184,141,160,131,94,120,563,	0,24322,58345,59830,61320,64123,68798,73807,83899,86194,87959,94425,120768,123459,124805,125590,125870,126790,130243,132654,134825,137104,137716,144230,147383,149183,150187,152797,153013,155411,156699,157866,168246,169091,172048,175187,178236,181833,186696,192338,195175,200413,204700,205309,209140,209356,211529,213411,214335,214955,215924,217952,218158,219555,223113,224812,225100,225691,226953,231337,231854,238525,239027,241464,242562,244184,249625,254190,256546,260167,260431,262086,263392,264905,
chr18	21083433	21111771	NM_001276342	0	+	21083582	21111648	0	18	251,77,85,141,104,90,106,112,45,54,129,107,120,78,105,69,102,183,	0,901,3500,12386,12850,15420,15599,16732,20660,20959,23167,24325,25709,26165,26558,26759,27041,28155,
chr18	21742010	21977833	NM_080597	0	-	21743142	21957497	0	28	1235,91,124,117,127,90,108,183,98,135,76,157,163,107,82,123,99,64,74,45,62,145,86,112,75,86,123,215,	0,3018,4532,5282,8280,9362,10329,15966,17691,19098,34078,62995,77173,118795,141590,149937,152202,155102,155280,156554,156701,170895,172198,179500,204845,206240,215366,235608,
chr18	21269561	21535029	NM_198129	0	+	21269647	21534612	0	75	380,153,118,119,171,92,116,119,91,132,63,135,138,47,100,53,106,100,157,124,143,98,154,161,109,98,145,127,140,116,212,205,145,141,162,99,84,231,114,110,81,107,51,152,111,112,168,197,117,155,142,103,117,180,143,171,152,163,134,145,120,134,118,141,140,132,154,164,184,141,160,131,94,120,563,	0,24322,58345,59830,61320,64123,68798,73807,83899,86194,87959,94425,120768,123459,124805,125590,125870,126790,130243,132654,134825,137104,137716,144230,147383,149183,150187,152797,153013,155411,156699,157866,168246,169091,172048,175187,178236,181833,186696,192338,195175,200413,204700,205309,209140,209356,209690,211529,213411,214335,214955,215924,217952,218158,219555,223113,224812,225100,225691,226953,231337,231854,238525,239027,241464,242562,244184,249625,254190,256546,260167,260431,262086,263392,264905,
chr18	21083433	21111771	NM_013326	0	+	21083582	21111668	0	20	251,77,85,57,87,141,104,90,106,112,45,54,129,107,120,78,105,69,226,183,	0,901,3500,4515,5723,12386,12850,15420,15599,16732,20660,20959,23167,24325,25709,26165,26558,26759,26917,28155,
chr18	21572736	21715574	NM_153211	0	+	21644119	21712538	0	14	266,49,129,115,355,169,94,108,110,124,98,105,39,3126,	0,71367,73239,76384,87812,90140,121781,125352,131061,132654,136113,137540,139109,139712,
chr18	21742010	21852196	NM_018030	0	-	21743142	21805067	0	14	1235,91,124,117,127,90,108,183,98,135,76,157,163,611,	0,3018,4532,5282,8280,9362,10329,15966,17691,19098,34078,62995,77173,109575,
chr18	22641887	22932214	NM_015461	0	-	22642675	22930910	0	8	818,116,132,85,3353,180,41,246,	0,27541,30026,133236,162421,260084,288983,290081,
chr18	23806408	23971650	NM_005640	0	+	23806897	23969976	0	15	832,146,108,162,123,90,618,136,106,170,131,126,57,105,1842,	0,38725,41071,48218,48486,55526,59437,65801,66981,88784,94625,100570,108730,131245,163400,
chr18	23713815	23773319	NM_144662	0	+	23713929	23772375	0	7	216,127,143,123,120,63,1037,	0,10707,17988,24270,44978,45216,58467,
chr18	23713815	23773319	NM_001025096	0	+	23713929	23772375	0	7	216,127,125,123,120,63,1037,	0,10707,18006,24270,44978,45216,58467,
chr18	23713815	23773319	NM_001025097	0	+	23713929	23772375	0	7	216,13,125,123,120,63,1037,	0,10707,18006,24270,44978,45216,58467,
chr18	24495594	24765302	NM_031422	0	-	24496222	24722773	0	6	1720,38,42,39,217,203,	0,28698,108485,132834,227058,269505,
chr18	24495594	24765302	NM_001256316	0	-	24497291	24722773	0	5	1720,42,39,217,203,	0,108485,132834,227058,269505,
chr18	25530929	25757445	NM_001792	0	-	25532116	25756986	0	16	1394,165,140,234,234,143,254,186,138,173,145,156,147,227,112,519,	0,12391,31978,34034,34562,37558,39131,41689,42534,52031,54883,58751,60880,62717,196707,225997,
chr18	28956739	28993880	NM_001134453	0	+	28956874	28993558	0	15	183,36,132,156,145,167,135,186,272,140,219,297,140,339,1090,	0,8359,9911,11590,12097,13879,14301,15378,22495,24104,26639,29300,32675,34333,36051,
chr18	29078026	29128814	NM_001943	0	+	29078214	29126706	0	15	233,36,135,162,145,167,138,186,266,143,228,228,122,333,3131,	0,20175,21739,22739,23035,24019,26384,26639,32923,37206,38138,40687,43129,44456,47657,
chr18	28569330	28622781	NM_024423	0	-	28574435	28622626	0	17	5008,43,258,122,225,225,143,257,186,135,167,145,156,120,200,85,224,	0,5089,7426,12253,14777,17542,18651,18904,28706,29301,32971,34984,36395,40144,41608,42827,53227,
chr18	29202208	29264686	NM_004775	0	-	29205576	29264389	0	9	3516,102,123,188,117,125,114,117,412,	0,4037,4753,8713,16398,23109,35730,44010,62066,
chr18	28956739	28993880	NM_177986	0	+	28956874	28993558	0	16	183,36,132,156,145,167,135,186,272,140,219,297,140,64,218,1090,	0,8359,9911,11590,12097,13879,14301,15378,22495,24104,26639,29300,32675,32968,34454,36051,
chr18	28569330	28622781	NM_001941	0	-	28574140	28622626	0	16	5008,258,122,225,225,143,257,186,135,167,145,156,120,200,85,224,	0,7426,12253,14777,17542,18651,18904,28706,29301,32971,34984,36395,40144,41608,42827,53227,
chr18	30252633	30352974	NM_020805	0	-	30254619	30350554	0	9	2127,158,159,191,79,90,122,990,345,	0,4502,7498,7738,14484,22792,69257,96974,99996,
chr18	29843483	30050447	NM_022751	0	-	29847833	30050391	0	6	5245,167,1173,131,141,177,	0,6696,23510,46672,129374,206787,
chr18	29843483	30050447	NM_001242409	0	-	29847833	30050391	0	6	5248,167,1173,131,141,177,	0,6696,23510,46672,129374,206787,
chr18	29409135	29523091	NM_014939	0	-	29410717	29522727	0	29	1817,90,146,102,174,59,69,97,148,443,155,127,75,131,195,109,225,132,106,101,151,116,257,94,154,175,90,195,521,	0,2911,10139,17543,20393,23273,23422,24676,26487,28367,35454,37676,38229,41199,41753,44257,45307,61562,68613,71752,78287,79130,79581,80494,84196,87099,88405,102156,113435,
chr18	29598444	29653154	NM_017831	0	+	29598826	29648347	0	6	546,154,95,91,108,4894,	0,18634,23697,27160,47420,49816,
chr18	30517365	31020045	NM_001105528	0	-	30517974	30992052	0	22	690,135,150,160,146,114,162,63,184,137,96,154,143,221,201,86,23,140,90,60,80,120,	0,37145,155359,274494,278148,285704,287373,289391,307843,329514,329800,355757,386089,395772,408809,411488,418922,432648,452138,459747,474629,502560,
chr18	31158540	31327399	NM_030632	0	+	31158595	31326559	0	12	109,83,109,109,122,118,120,164,97,106,1957,4548,	0,29017,66317,67668,83039,92096,93170,104828,153391,155733,159910,164311,
chr18	30517365	31020685	NM_198995	0	-	30517974	30992052	0	22	690,135,150,160,146,162,63,184,137,96,154,143,221,201,86,23,140,90,60,80,120,69,	0,37145,155359,274494,278148,287373,289391,307843,329514,329800,355757,386089,395772,408809,411488,418922,432648,452138,459747,474629,502560,503251,
chr18	32173281	32471808	NM_001198939	0	+	32335940	32464709	0	22	221,125,68,81,214,86,155,106,167,125,84,88,98,114,97,21,160,90,169,133,49,4079,	0,86150,162658,172643,200719,212901,218641,222591,224846,227473,234275,254978,258513,264967,270648,272793,281921,284401,286233,288751,291410,294448,
chr18	32173281	32471808	NM_001198938	0	+	32335940	32470404	0	20	221,125,68,81,214,86,155,106,167,125,84,88,98,114,97,160,90,169,133,1545,	0,86150,162658,172643,200719,212901,218641,222591,224846,227473,234275,254978,258513,264967,270648,281921,284401,286233,288751,296982,
chr18	32290195	32448776	NM_001198941	0	+	32335940	32446125	0	15	214,68,81,214,86,155,106,167,125,84,88,98,114,97,2702,	0,45744,55729,83805,95987,101727,105677,107932,110559,117361,138064,141599,148053,153734,155879,
chr18	32073253	32409292	NM_001392	0	+	32335940	32409035	0	13	225,125,68,81,214,86,155,106,167,125,9,84,288,	0,186178,262686,272671,300747,312929,318669,322619,324874,327501,331977,334303,335751,
chr18	32335939	32448778	NM_001391	0	+	32335940	32446125	0	17	68,81,214,86,155,106,167,125,9,84,78,93,88,98,114,97,2704,	0,9985,38061,50243,55983,59933,62188,64815,69291,71617,82118,82769,92320,95855,102309,107990,110135,
chr18	32290195	32448778	NM_032978	0	+	32335940	32446125	0	17	214,68,81,214,86,155,106,167,125,84,78,93,88,98,114,97,2704,	0,45744,55729,83805,95987,101727,105677,107932,110559,117361,127862,128513,138064,141599,148053,153734,155879,
chr18	32073253	32471808	NM_032975	0	+	32335940	32464709	0	22	225,125,68,81,214,86,155,106,167,125,9,84,88,98,114,97,160,90,169,133,49,4079,	0,186178,262686,272671,300747,312929,318669,322619,324874,327501,331977,334303,355006,358541,364995,370676,381949,384429,386261,388779,391438,394476,
chr18	32073253	32448778	NM_001198945	0	+	32335940	32446125	0	11	225,125,68,81,214,86,155,98,114,97,2704,	0,186178,262686,272671,300747,312929,318669,358541,364995,370676,372821,
chr18	32173281	32471808	NM_001198940	0	+	32335940	32464709	0	21	221,125,68,81,214,86,155,106,167,125,84,88,98,114,97,160,90,169,133,49,4079,	0,86150,162658,172643,200719,212901,218641,222591,224846,227473,234275,254978,258513,264967,270648,281921,284401,286233,288751,291410,294448,
chr18	32335939	32471808	NM_001390	0	+	32335940	32464709	0	22	68,81,214,86,155,106,167,125,9,84,78,93,88,98,114,97,160,90,169,133,49,4079,	0,9985,38061,50243,55983,59933,62188,64815,69291,71617,82118,82769,92320,95855,102309,107990,119263,121743,123575,126093,128752,131790,
chr18	32073253	32448778	NM_032979	0	+	32335940	32446125	0	17	225,125,68,81,214,86,155,106,167,125,9,84,88,98,114,97,2704,	0,186178,262686,272671,300747,312929,318669,322619,324874,327501,331977,334303,355006,358541,364995,370676,372821,
chr18	32173281	32409292	NM_001128175	0	+	32335940	32409035	0	12	221,125,68,81,214,86,155,106,167,125,84,288,	0,86150,162658,172643,200719,212901,218641,222591,224846,227473,234275,235723,
chr18	32621323	32723432	NM_001256420	0	+	32621534	32720333	0	6	302,146,214,140,159,3174,	0,56086,60586,85588,90672,98935,
chr18	32621323	32723432	NM_014268	0	+	32621503	32720333	0	7	302,128,146,214,140,159,3174,	0,28835,56086,60586,85588,90672,98935,
chr18	32556891	32723432	NM_001143826	0	+	32650165	32720333	0	8	152,62,128,146,214,140,159,3174,	0,28564,93267,120518,125018,150020,155104,163367,
chr18	32558207	32723432	NM_001143827	0	+	32558481	32720333	0	8	298,62,128,146,214,140,159,3174,	0,27248,91951,119202,123702,148704,153788,162051,
chr18	33767479	33848685	NM_017947	0	+	33767502	33848648	0	15	165,90,67,642,77,200,117,462,163,79,125,106,139,105,190,	0,7740,11173,12166,15596,17560,25849,27999,32538,61405,63642,69451,72520,79232,81016,
chr18	33877658	34360022	NM_001281740	0	+	33877798	34359493	0	29	305,107,65,68,106,95,112,95,144,239,90,360,75,114,135,51,215,297,884,159,183,120,162,191,193,24,175,162,612,	0,57843,74984,204236,214742,278755,297091,304978,314256,327815,351620,354874,355646,360379,383740,389432,395513,411399,420136,432950,442960,445041,446336,449249,457423,461422,462912,471569,481752,
chr18	33877658	34360022	NM_025135	0	+	33877798	34359493	0	25	305,107,65,68,106,95,112,95,144,239,114,135,51,215,297,884,159,183,120,162,191,193,175,162,612,	0,57843,74984,204236,214742,278755,297091,304978,314256,327815,360379,383740,389432,395513,411399,420136,432950,442960,445041,446336,449249,457423,462912,471569,481752,
chr18	33877658	34360022	NM_001281739	0	+	33877798	34359493	0	24	305,107,65,68,106,95,112,95,144,239,114,135,215,297,884,159,183,120,162,191,193,175,162,612,	0,57843,74984,204236,214742,278755,297091,304978,314256,327815,360379,383740,395513,411399,420136,432950,442960,445041,446336,449249,457423,462912,471569,481752,
chr18	34823007	35146000	NM_001025089	0	-	34833773	35145604	0	12	2153,172,84,66,150,148,144,80,129,49,83,682,	0,10722,21629,23488,27723,29971,31266,31760,32070,78788,242480,322311,
chr18	34823007	35146000	NM_020180	0	-	34833773	35145604	0	13	2153,172,84,84,66,150,148,144,80,129,79,83,682,	0,10722,16136,21629,23488,27723,29971,31266,31760,32070,78758,242480,322311,
chr18	34823007	35146000	NM_001025088	0	-	34833773	35145604	0	13	2153,172,84,84,66,150,145,144,80,126,79,83,682,	0,10722,16136,21629,23488,27723,29971,31266,31760,32070,78758,242480,322311,
chr18	34823007	35146000	NM_001025087	0	-	34833773	35145604	0	13	2153,172,84,84,66,150,145,144,80,129,79,83,682,	0,10722,16136,21629,23488,27723,29971,31266,31760,32070,78758,242480,322311,
chr18	39535198	39661446	NM_002647	0	+	39535256	39661101	0	25	126,189,144,130,87,96,72,105,93,186,155,91,68,106,117,132,129,70,65,85,75,169,91,126,360,	0,2336,7255,15092,32577,35224,38035,40655,41403,49121,58207,60241,65403,72208,74090,78591,82457,83546,85442,88498,94296,102648,109505,112153,125888,
chr18	40323182	40695657	NM_001272077	0	-	40500689	40695484	0	6	503,64,192,74,57,276,	0,177479,180354,230856,290593,372199,
chr18	40323182	40695657	NM_002930	0	-	40323457	40695484	0	5	503,192,74,57,276,	0,180354,230856,290593,372199,
chr18	42260862	42648475	NM_015559	0	+	42281311	42643663	0	6	124,658,54,3460,171,5432,	0,20277,188332,268983,357587,382181,
chr18	42260137	42457379	NM_001130110	0	+	42281311	42456718	0	4	223,658,54,850,	0,21002,189057,196392,
chr18	43753987	43846955	NM_145055	0	+	43795846	43843081	0	5	309,785,183,124,4064,	0,41789,65983,79675,88904,
chr18	43427573	43547305	NM_020964	0	-	43432431	43547205	0	44	5041,115,216,217,243,145,210,186,176,107,73,202,149,214,195,157,143,163,172,145,124,222,167,123,111,198,145,141,260,120,165,141,155,158,156,151,115,106,74,108,137,244,945,163,	0,7964,10244,10957,12495,18006,19189,19954,22958,28627,30767,31404,32466,34665,37008,40142,42189,51795,53387,56364,60349,62912,64681,66097,67902,68400,68829,70070,74733,75660,78130,81261,83068,87201,91992,95553,96397,99055,100895,101876,103494,104792,106786,119569,
chr18	43194765	43263060	NM_007163	0	+	43204629	43262484	0	20	782,184,181,190,129,193,148,135,50,175,123,83,160,190,129,193,148,135,50,777,	0,9830,10882,12157,17549,22189,24945,26408,28331,29185,48984,51336,52134,53032,53548,54505,58099,58882,64174,67518,
chr18	43563501	43652250	NM_024430	0	-	43568675	43652154	0	15	1915,58,35,82,97,99,80,46,99,63,107,35,78,101,129,	0,5166,7186,8366,8570,10069,14213,15258,15900,21933,27645,32367,41073,56411,88620,
chr18	43753987	43846955	NM_001008239	0	+	43795846	43843081	0	4	309,785,124,4064,	0,41789,79675,88904,
chr18	44526786	44628614	NM_031303	0	+	44579344	44627376	0	15	100,167,43,118,99,99,78,99,64,119,92,111,163,103,1378,	0,52464,53980,57819,59140,62556,62868,66605,68804,69066,74861,76935,98827,99838,100450,
chr18	44390022	44497495	NM_004671	0	-	44392395	44497308	0	14	2553,38,140,172,134,161,74,106,135,91,51,85,475,211,	0,5252,10873,17899,19674,26297,33994,34674,36647,45285,45505,54104,80520,107262,
chr18	44057216	44236996	NM_144612	0	-	44057434	44236996	0	40	699,159,133,171,186,175,118,128,209,136,210,155,163,117,182,165,129,105,164,134,155,463,161,193,197,77,161,155,136,87,161,136,251,124,149,99,185,81,115,130,	0,6333,7765,11718,28584,30284,32444,40875,44847,47212,47454,51923,55908,57081,60902,64522,65473,68063,69641,80102,82194,82829,85811,89003,92188,94832,100453,102376,114679,115244,116346,117077,123963,126852,133522,140938,162362,164702,171901,179650,
chr18	44395672	44497495	NM_173206	0	-	44398339	44497308	0	13	2738,140,172,134,161,74,106,135,91,51,85,475,211,	0,5223,12249,14024,20647,28344,29024,30997,39635,39855,48454,74870,101612,
chr18	44681389	44702745	NM_016097	0	-	44682547	44702648	0	3	1214,102,188,	0,2417,21168,
chr18	44259080	44337039	NM_013305	0	-	44260004	44336471	0	7	1393,93,113,145,87,93,699,	0,2854,7056,9657,13051,25454,77260,
chr18	45553638	45663680	NM_001039360	0	-	45555630	45567478	0	3	2644,1224,303,	0,12632,109739,
chr18	46570171	46987079	NM_017653	0	-	46570424	46956764	0	17	403,114,183,103,95,114,126,179,183,143,126,73,134,94,53,193,312,	0,53600,74942,119883,213208,214578,228376,238195,242632,288062,289926,319359,334765,335863,347791,386453,416596,
chr18	47309873	47340251	NM_006111	0	-	47310216	47339854	0	10	428,155,71,130,176,148,117,129,167,413,	0,1693,3787,7966,8648,10776,12261,13962,19183,29965,
chr18	47349155	47721451	NM_001080467	0	-	47352840	47721163	0	40	3838,81,175,286,151,90,152,144,94,199,78,101,240,66,141,120,146,85,234,240,157,212,112,87,98,153,84,123,141,82,266,110,108,82,144,157,145,172,111,315,	0,12558,13925,14731,16358,18579,20455,24360,26781,30663,34027,40441,41355,49381,52901,54977,56159,57585,72155,79808,81886,83633,89276,106726,113466,114459,130474,131527,139480,140163,151564,157658,161932,167653,169502,178469,214064,217357,232482,371981,
chr18	48494386	48514490	NM_018696	0	+	48500774	48513455	0	4	98,165,468,1502,	0,6380,16079,18602,
chr18	51885143	51908405	NM_173529	0	+	51886942	51904616	0	8	97,329,306,151,103,132,71,3862,	0,1753,2869,3997,6945,13692,15440,19400,
chr18	51884286	51908405	NM_001288981	0	+	51886942	51904616	0	9	58,30,329,789,151,103,132,71,3862,	0,924,2610,3726,4854,7802,14549,16297,20257,
chr18	51886897	51908405	NM_001288982	0	+	51886942	51904616	0	7	328,249,151,103,132,71,3862,	0,1115,2243,5191,11938,13686,17646,
chr18	51884286	51908405	NM_001288980	0	+	51886942	51904616	0	9	159,97,329,789,151,103,132,71,3862,	0,857,2610,3726,4854,7802,14549,16297,20257,
chr18	52889561	53255860	NM_001083962	0	-	52895455	53254347	0	20	5700,141,230,163,136,204,77,79,68,133,134,106,50,130,65,97,62,73,92,592,	0,5890,6516,10178,12217,32166,34984,37618,39135,47500,53288,57220,128028,128543,181123,238688,241745,362949,364714,365707,
chr18	52889561	53255860	NM_003199	0	-	52895455	53254347	0	20	5700,141,230,151,136,204,77,79,68,133,134,106,50,130,65,97,62,73,92,592,	0,5890,6516,10190,12217,32166,34984,37618,39135,47500,53288,57220,128028,128543,181123,238688,241745,362949,364714,365707,
chr18	52495707	52562747	NM_004163	0	+	52544816	52556644	0	6	224,172,86,104,124,6293,	0,49090,50892,55856,59518,60747,
chr18	52889561	53071226	NM_001243232	0	-	52895455	53070945	0	16	5700,141,230,163,136,204,77,79,68,133,134,106,50,127,65,375,	0,5890,6516,10178,12217,32166,34984,37618,39135,47500,53288,57220,128028,128543,181123,181290,
chr18	52889561	53255860	NM_001243230	0	-	52895455	53255766	0	19	5700,141,230,151,136,204,74,79,68,133,134,106,50,130,65,97,62,73,160,	0,5890,6516,10190,12217,32166,34984,37618,39135,47500,53288,57220,128028,128543,181123,238688,241745,362949,366139,
chr18	52889561	53178000	NM_001243231	0	-	52895455	53177828	0	18	5700,141,230,151,136,204,77,79,68,133,134,106,50,130,65,97,62,191,	0,5890,6516,10190,12217,32166,34984,37618,39135,47500,53288,57220,128028,128543,181123,238688,241745,288248,
chr18	52889561	52989090	NM_001243235	0	-	52895455	52988969	0	13	5700,141,230,151,136,204,77,79,68,133,134,106,190,	0,5890,6516,10190,12217,32166,34984,37618,39135,47500,53288,57220,99339,
chr18	52889561	52989090	NM_001243234	0	-	52895455	52988969	0	13	5700,141,230,163,136,204,77,79,68,133,134,106,190,	0,5890,6516,10178,12217,32166,34984,37618,39135,47500,53288,57220,99339,
chr18	52889561	53303224	NM_001243226	0	-	52895455	53303128	0	21	5700,141,230,163,136,204,77,79,68,133,134,106,50,130,65,97,62,73,92,91,291,	0,5890,6516,10178,12217,32166,34984,37618,39135,47500,53288,57220,128028,128543,181123,238688,241745,362949,364714,408967,413372,
chr18	52889561	53257045	NM_001243228	0	-	52895455	53254347	0	20	5700,141,230,163,136,204,77,79,68,133,134,124,50,130,65,97,62,73,92,518,	0,5890,6516,10178,12217,32166,34984,37618,39135,47500,53288,57220,128028,128543,181123,238688,241745,362949,364714,366966,
chr18	52889561	53089723	NM_001243233	0	-	52895455	53018213	0	16	5700,141,230,151,136,204,77,79,68,133,134,106,50,130,65,313,	0,5890,6516,10190,12217,32166,34984,37618,39135,47500,53288,57220,128028,128543,181123,199849,
chr18	52889561	53257045	NM_001243227	0	-	52895455	53252583	0	19	5700,141,230,163,136,204,77,79,68,133,134,106,50,130,65,97,62,73,518,	0,5890,6516,10178,12217,32166,34984,37618,39135,47500,53288,57220,128028,128543,181123,238688,241745,362949,366966,
chr18	52889561	52969852	NM_001243236	0	-	52895455	52969715	0	13	5700,141,230,151,136,204,77,79,68,133,134,106,206,	0,5890,6516,10190,12217,32166,34984,37618,39135,47500,53288,57220,80085,
chr18	55313658	55470327	NM_005603	0	-	55315719	55399039	0	28	2286,131,139,246,84,224,289,133,76,112,165,113,189,157,44,209,191,89,159,83,71,73,62,99,114,98,203,98,	0,3940,5607,6057,7565,8767,14747,16056,20665,22002,22891,25041,28407,37609,38645,41872,45380,48155,48744,49023,51191,51368,54612,54788,58128,60063,85200,156571,
chr18	55297533	55336508	NM_001242804	0	+	55309145	55335407	0	3	217,494,1271,	0,11257,37704,
chr18	55711609	56068772	NM_015277	0	+	55711892	56063501	0	30	331,74,82,39,54,51,62,103,167,133,177,75,132,120,198,78,55,59,66,230,122,71,96,74,61,60,108,97,73,5374,	0,121410,201049,204521,207623,271604,278047,278854,280618,284617,286360,289440,296660,297300,298528,305159,306613,312816,319890,321621,323368,326019,328796,338868,341148,343061,344707,346268,347109,351789,
chr18	55816564	56068772	NM_001144969	0	+	55816767	56063501	0	30	227,74,82,39,54,51,62,103,167,133,177,75,132,120,198,78,55,59,66,230,122,71,96,74,61,60,108,97,73,5374,	0,16455,96094,99566,102668,166649,173092,173899,175663,179662,181405,184485,191705,192345,193573,200204,201658,207861,214935,216666,218413,221064,223841,233913,236193,238106,239752,241313,242154,246834,
chr18	56338617	56417371	NM_173844	0	+	56338875	56415074	0	16	467,167,122,151,179,97,27,33,204,178,75,128,150,158,126,2735,	0,9784,24980,29055,37992,38590,42697,44549,51662,62011,62921,63816,70479,72952,74280,76019,
chr18	56338617	56417371	NM_006785	0	+	56338875	56415074	0	17	467,167,122,151,179,97,33,27,33,204,178,75,128,150,158,126,2735,	0,9784,24980,29055,37992,38590,39535,42697,44549,51662,62011,62921,63816,70479,72952,74280,76019,
chr18	55862621	56068772	NM_001144970	0	+	55989671	56063501	0	29	344,82,39,54,51,62,103,167,133,177,75,132,120,198,78,55,59,66,230,122,71,96,74,61,60,108,97,73,5374,	0,50037,53509,56611,120592,127035,127842,129606,133605,135348,138428,145648,146288,147516,154147,155601,161804,168878,170609,172356,175007,177784,187856,190136,192049,193695,195256,196097,200777,
chr18	55816564	56068772	NM_001144971	0	+	55989671	56063501	0	31	237,74,78,82,39,54,51,62,103,167,133,177,75,132,120,198,78,55,59,66,230,122,71,96,74,61,60,108,97,73,5374,	0,16455,78497,96094,99566,102668,166649,173092,173899,175663,179662,181405,184485,191705,192345,193573,200204,201658,207861,214935,216666,218413,221064,223841,233913,236193,238106,239752,241313,242154,246834,
chr18	55816564	56068772	NM_001144968	0	+	55816767	56063501	0	31	227,74,82,39,54,51,62,103,167,133,177,75,60,132,120,198,78,55,59,66,230,122,71,96,74,61,60,108,97,73,5374,	0,16455,96094,99566,102668,166649,173092,173899,175663,179662,181405,184485,186145,191705,192345,193573,200204,201658,207861,214935,216666,218413,221064,223841,233913,236193,238106,239752,241313,242154,246834,
chr18	55711609	56068772	NM_001144967	0	+	55711892	56063501	0	31	331,74,82,39,54,51,62,103,167,133,177,75,60,132,120,198,78,55,59,66,230,122,71,96,74,61,60,108,97,73,5374,	0,121410,201049,204521,207623,271604,278047,278854,280618,284617,286360,289440,291100,296660,297300,298528,305159,306613,312816,319890,321621,323368,326019,328796,338868,341148,343061,344707,346268,347109,351789,
chr18	55888753	56068772	NM_001144966	0	+	55989671	56063501	0	30	236,82,39,54,51,62,103,167,133,177,75,60,132,120,198,78,55,59,66,230,122,71,96,74,61,60,108,97,73,5374,	0,23905,27377,30479,94460,100903,101710,103474,107473,109216,112296,113956,119516,120156,121384,128015,129469,135672,142746,144477,146224,148875,151652,161724,164004,165917,167563,169124,169965,174645,
chr18	55816564	56068772	NM_001144965	0	+	55989671	56063501	0	31	237,74,82,39,54,51,62,103,167,133,177,75,60,132,120,198,78,55,59,66,230,122,71,96,74,61,60,108,97,73,5374,	0,16455,96094,99566,102668,166649,173092,173899,175663,179662,181405,184485,186145,191705,192345,193573,200204,201658,207861,214935,216666,218413,221064,223841,233913,236193,238106,239752,241313,242154,246834,
chr18	55714457	56068772	NM_001144964	0	+	55989671	56063501	0	31	285,74,82,39,54,51,62,103,167,133,177,75,60,132,120,198,78,55,59,66,230,122,71,96,74,61,60,108,97,73,5374,	0,118562,198201,201673,204775,268756,275199,276006,277770,281769,283512,286592,288252,293812,294452,295680,302311,303765,309968,317042,318773,320520,323171,325948,336020,338300,340213,341859,343420,344261,348941,
chr18	56148481	56296189	NM_052947	0	-	56149054	56279029	0	13	790,49,218,89,275,36,128,148,3391,1735,118,129,194,	0,16799,22681,33743,35658,42556,42685,47841,53584,97564,126072,130439,147514,
chr18	55711609	56068772	NM_001243960	0	+	55711892	56063501	0	29	331,74,82,39,54,51,62,103,167,133,177,75,120,198,78,55,59,66,230,122,71,96,74,61,60,108,97,73,5374,	0,121410,201049,204521,207623,271604,278047,278854,280618,284617,286360,289440,297300,298528,305159,306613,312816,319890,321621,323368,326019,328796,338868,341148,343061,344707,346268,347109,351789,
chr18	56995055	57026508	NM_005570	0	-	56998324	57026476	0	13	3306,122,154,71,194,133,59,124,100,62,108,155,246,	0,3594,5267,10733,10936,18095,19689,21289,25378,26695,27489,27680,31207,
chr18	57098170	57364644	NM_133459	0	-	57103139	57364574	0	11	5203,36,36,140,121,101,153,135,53,81,201,	0,7172,8604,8738,17044,23912,35800,38534,49247,265690,266273,
chr18	59482303	59560304	NM_173557	0	-	59483084	59483696	0	2	1528,277,	0,77724,
chr18	60382671	60647676	NM_194449	0	+	60382916	60646664	0	17	1821,197,126,167,147,231,203,61,96,156,201,163,131,105,195,229,2182,	0,114596,123345,144996,179572,180342,187525,189785,199474,204520,226279,229670,243190,247929,257075,259958,262823,
chr18	59854523	59974355	NM_020854	0	+	59854738	59972767	0	29	741,90,72,56,114,204,92,294,76,96,113,91,72,141,165,148,157,124,49,80,107,100,83,64,139,117,89,71,1709,	0,23862,33746,33928,34093,39998,40307,41014,43903,45041,57473,65373,68116,70657,71221,74220,76698,77438,79410,81578,86689,88083,93069,93355,95015,100060,104252,111499,118123,
chr18	59992519	60054943	NM_003839	0	+	59992585	60052267	0	10	141,82,126,144,94,95,114,53,784,2960,	0,22881,24525,29104,32961,34668,36393,41421,43414,59464,
chr18	59992519	60054943	NM_001278268	0	+	59992585	60052267	0	10	141,82,126,144,52,95,114,53,784,2960,	0,22881,24525,29104,33003,34668,36393,41421,43414,59464,
chr18	59992519	60054943	NM_001270951	0	+	59992585	60052267	0	7	141,82,126,144,94,95,2960,	0,22881,24525,29104,32961,34668,59464,
chr18	59992519	60054943	NM_001270950	0	+	59992585	60052267	0	8	141,82,126,144,94,95,114,2960,	0,22881,24525,29104,32961,34668,36393,59464,
chr18	59992519	60054943	NM_001270949	0	+	59992585	60051992	0	9	141,82,126,144,94,95,114,53,2960,	0,22881,24525,29104,32961,34668,36393,41421,59464,
chr18	61056424	61089752	NM_004869	0	-	61058207	61089492	0	11	1885,141,220,82,149,157,120,68,157,112,287,	0,4217,7842,10050,10856,11355,14515,18240,21098,22275,33041,
chr18	63418156	63548174	NM_004361	0	+	63430078	63548130	0	12	230,406,295,120,168,188,254,137,122,118,252,538,	0,11726,58783,63564,71160,73723,92891,106895,108004,108787,111745,129480,
chr18	63417487	63548175	NM_033646	0	+	63430078	63548130	0	12	129,406,295,120,168,188,254,137,122,118,252,539,	0,12395,59452,64233,71829,74392,93560,107564,108673,109456,112414,130149,
chr18	64168423	64271375	NM_021153	0	-	64172048	64239441	0	12	4116,252,118,122,122,254,185,165,120,295,307,185,	0,7808,10381,28658,33799,42784,43532,49907,53218,67229,70823,102767,
chr18	64168423	64271375	NM_001271028	0	-	64172524	64239441	0	10	4116,122,122,254,185,165,120,295,307,185,	0,28658,33799,42784,43532,49907,53218,67229,70823,102767,
chr18	66465316	66722426	NM_024781	0	+	66504000	66721374	0	8	102,621,221,109,117,210,171,1160,	0,38669,40626,48233,76589,99139,212854,255950,
chr18	66382490	66722426	NM_001093729	0	+	66504000	66721374	0	10	108,67,33,621,221,109,117,210,171,1160,	0,1274,19480,121495,123452,131059,159415,181965,295680,338776,
chr18	67671042	67872962	NM_173630	0	-	67671386	67872894	0	49	430,70,104,268,203,127,78,98,106,218,138,154,91,193,94,89,190,72,159,111,129,220,155,145,240,189,69,97,118,89,100,172,137,117,126,127,113,213,171,116,182,166,148,115,91,90,178,188,99,	0,1391,2574,13600,16808,20915,24917,26205,27069,44164,47604,50324,53935,56043,62022,70099,71545,82806,84182,88303,88869,105691,110638,117749,123695,124551,130666,131377,135792,136293,138481,141805,145094,146164,146801,162255,163112,165048,172868,184301,186731,189481,192694,193817,195607,198087,200279,201321,201821,
chr18	70409548	70534810	NM_001201465	0	-	70416262	70534526	0	11	457,75,559,114,229,128,42,249,138,54,312,	0,6700,7748,13720,41364,51803,52049,116512,122494,122874,124950,
chr18	70410990	70534810	NM_138966	0	-	70416262	70534526	0	11	4409,75,559,114,229,128,42,249,138,54,312,	0,5258,6306,12278,39922,50361,50607,115070,121052,121432,123508,
chr18	70501274	70532934	NM_138999	0	-	70502549	70532832	0	5	1280,249,138,54,127,	0,24786,30768,31148,31533,
chr18	71920526	71959251	NM_001190807	0	-	71920818	71959110	0	4	374,35,129,270,	0,2449,10057,38455,
chr18	71920526	71959251	NM_148923	0	-	71920818	71959110	0	5	374,35,30,129,270,	0,2449,7623,10057,38455,
chr18	72201691	72252261	NM_032649	0	+	72201902	72251798	0	12	235,129,150,163,89,201,85,161,165,142,148,530,	0,21881,24866,26399,27590,32776,36729,42412,43706,45674,49105,50040,
chr18	71920526	71959251	NM_001914	0	-	71924079	71959110	0	6	374,35,24,30,129,270,	0,2449,3538,7623,10057,38455,
chr18	73121826	73139589	NM_001037331	0	-	73122818	73139518	0	3	1038,131,200,	0,8914,17563,
chr18	74069636	74207146	NM_014643	0	-	74074452	74155010	0	8	4876,68,105,148,1301,1967,114,47,	0,12846,13785,21173,21322,83564,105347,137463,
chr18	74724738	74844774	NM_001025100	0	-	74728769	74817217	0	4	4486,88,76,239,	0,53515,92428,119797,
chr18	74690788	74729055	NM_001025090	0	-	74692382	74728964	0	6	1639,120,33,36,105,268,	0,5942,9662,10044,11123,37999,
chr18	74962007	74982096	NM_001480	0	+	74962504	74980858	0	3	1163,66,1556,	0,6106,18533,
chr18	74536115	74682682	NM_007345	0	+	74536313	74680295	0	31	247,143,165,179,125,173,144,204,229,273,204,142,261,254,102,152,104,152,213,283,104,366,146,241,180,188,132,198,130,177,2512,	0,25366,27615,44525,47541,51332,53849,55953,57124,70853,74859,80220,80995,84160,85908,86500,88084,89587,91487,95616,98911,101029,102877,103117,103767,112996,123361,131825,135527,136519,144055,
chr18	74690788	74729055	NM_002385	0	-	74692382	74728964	0	6	1639,120,36,105,78,268,	0,5942,10044,11123,31016,37999,
chr18	74690788	74729055	NM_001025081	0	-	74692382	74728964	0	7	1639,120,33,36,105,78,268,	0,5942,9662,10044,11123,31016,37999,
chr18	74690788	74729055	NM_001025092	0	-	74692382	74728964	0	5	1639,120,36,105,268,	0,5942,10044,11123,37999,
chr18	74690788	74844774	NM_001025101	0	-	74692382	74817217	0	9	1639,120,33,36,105,437,88,76,239,	0,5942,9662,10044,11123,37999,87465,126378,153747,
chr18	76829396	77138282	NM_198531	0	+	76829410	77137383	0	30	133,174,151,114,109,59,52,95,81,76,77,161,143,113,249,162,93,84,171,99,90,145,65,156,65,109,58,204,33,1036,	0,27079,40958,43844,56870,74405,85107,107416,123786,137540,144565,183984,207657,234207,237589,259744,260615,267231,267882,272871,274868,276031,276378,278373,278735,289957,303428,304501,305997,307850,
chr18	77155771	77289323	NM_006162	0	+	77156224	77287530	0	10	580,1099,160,203,173,141,56,133,383,1796,	0,14631,37807,53010,55182,55904,65539,71678,90476,131756,
chr18	77155771	77289323	NM_001278669	0	+	77156224	77287577	0	10	580,1099,160,203,173,141,56,133,690,1796,	0,14631,37807,53010,55182,55904,65539,71678,90476,131756,
chr18	77441429	77514510	NM_001202504	0	+	77455267	77513790	0	13	88,84,94,129,151,91,167,1038,142,207,163,167,859,	0,13795,14547,16430,23337,28916,31542,33061,36105,36380,47477,54925,72222,
chr18	77155771	77228002	NM_172390	0	+	77156224	77227641	0	8	580,1099,160,203,173,141,56,553,	0,14631,37807,53010,55182,55904,65539,71678,
chr18	77160273	77289323	NM_172389	0	+	77160391	77287530	0	10	206,1099,160,203,173,141,56,133,383,1796,	0,10129,33305,48508,50680,51402,61037,67176,85974,127254,
chr18	77155771	77289323	NM_172388	0	+	77208811	77287530	0	9	580,160,203,173,141,56,133,383,1796,	0,37807,53010,55182,55904,65539,71678,90476,131756,
chr18	77155771	77289323	NM_001278670	0	+	77156224	77287577	0	9	580,1099,160,203,173,141,56,133,1796,	0,14631,37807,53010,55182,55904,65539,71678,131756,
chr18	77160273	77228002	NM_001278675	0	+	77160391	77227641	0	8	206,1099,160,203,173,141,56,553,	0,10129,33305,48508,50680,51402,61037,67176,
chr18	77160273	77289323	NM_001278673	0	+	77208811	77287577	0	9	206,160,203,173,141,56,133,690,1796,	0,33305,48508,50680,51402,61037,67176,85974,127254,
chr18	77160273	77289323	NM_001278672	0	+	77160391	77287577	0	9	206,1099,160,203,173,141,56,133,1796,	0,10129,33305,48508,50680,51402,61037,67176,127254,
chr18	77439800	77514510	NM_004715	0	+	77439947	77513790	0	13	461,84,94,129,151,91,167,1038,142,207,163,167,859,	0,15424,16176,18059,24966,30545,33171,34690,37734,38009,49106,56554,73851,
chr18	77160273	77289323	NM_172387	0	+	77160391	77287577	0	10	206,1099,160,203,173,141,56,133,690,1796,	0,10129,33305,48508,50680,51402,61037,67176,85974,127254,
chr18	77439800	77514510	NM_048368	0	+	77439947	77513671	0	12	461,84,94,129,151,91,167,1038,142,207,167,859,	0,15424,16176,18059,24966,30545,33171,34690,37734,38009,56554,73851,
chr18	77724581	77730822	NM_001136180	0	+	77724735	77730451	0	4	205,67,95,383,	0,2030,3507,5858,
chr18	77915116	78005397	NM_032510	0	-	77917653	78005231	0	3	3373,223,238,	0,45476,90043,
chr18	158482	213739	NM_005151	0	+	158698	211284	0	16	232,146,33,105,104,59,131,81,86,115,66,93,129,61,108,2607,	0,4825,8304,20450,21753,34359,38154,39133,39564,40719,44397,44615,46081,51488,51903,52650,
chr18	158482	213739	NM_001037334	0	+	158698	211284	0	15	232,146,33,104,59,131,81,86,115,66,93,129,61,108,2607,	0,4825,8304,21753,34359,38154,39133,39564,40719,44397,44615,46081,51488,51903,52650,
chr18	580368	581524	NM_004066	0	+	580408	580927	0	1	1156,	0,
chr18	596997	650293	NM_014410	0	+	618000	649901	0	9	132,119,149,168,433,138,215,188,396,	0,20990,22215,27867,30099,36300,44329,47912,52900,
chr18	616699	650293	NM_199167	0	+	618000	649901	0	9	58,119,149,168,433,138,215,188,396,	0,1288,2513,8165,10397,16598,24627,28210,33198,
chr18	596997	650293	NM_001289036	0	+	607079	649901	0	11	132,122,123,119,149,168,433,138,215,188,396,	0,9980,16161,20990,22215,27867,30099,36300,44329,47912,52900,
chr18	657603	673499	NM_001071	0	+	657742	672997	0	7	344,74,175,102,176,72,640,	0,2037,4542,11468,13088,13776,15256,
chr18	670323	712662	NM_001126123	0	-	674304	706532	0	16	2753,246,82,100,130,42,135,88,35,83,39,73,27,87,109,159,	0,3837,4997,7021,7419,8372,12922,15597,18250,20225,20744,20880,23558,23924,36146,42180,
chr18	670323	712662	NM_017512	0	-	674304	712587	0	16	4083,82,100,130,42,135,88,35,83,39,73,27,87,116,109,159,	0,4997,7021,7419,8372,12922,15597,18250,20225,20744,20880,23558,23924,26916,36146,42180,
chr18	670323	712517	NM_202758	0	-	674304	712506	0	15	4083,82,100,130,135,88,35,83,39,73,27,87,116,109,158,	0,4997,7021,7419,12922,15597,18250,20225,20744,20880,23558,23924,26916,36146,42036,
chr18	904943	912173	NM_001099733	0	+	905387	909636	0	5	118,111,132,99,2727,	0,443,2716,3322,4503,
chr18	905196	912173	NM_001117	0	+	905387	909636	0	4	301,132,99,2727,	0,2463,3069,4250,
chr18	2571509	2616634	NM_006101	0	+	2572984	2616573	0	17	173,110,78,124,173,103,90,94,107,145,206,153,90,93,131,103,199,	0,1466,3478,6235,6458,7416,13602,16319,17693,18507,23905,27508,29885,34904,37189,39248,44926,
chr18	2537523	2571489	NM_022840	0	-	2538998	2567215	0	9	1621,92,107,175,70,370,63,834,342,	0,6670,7128,9830,15170,17144,26272,29296,33624,
chr18	2916991	3011945	NM_014646	0	-	2920290	2960838	0	20	3444,104,115,153,87,149,145,83,90,70,94,188,100,346,124,108,302,96,201,230,	0,3784,4539,5053,6781,7404,8230,9729,10728,11597,12071,14262,17357,20698,22486,23611,34061,37510,43655,94724,
chr18	3247527	3256234	NM_006471	0	+	3253245	3255916	0	4	380,196,162,491,	0,5703,6359,8216,
chr18	3451402	3458406	NM_173210	0	+	3456395	3457938	0	3	371,227,1044,	0,4949,5960,
chr18	3450169	3458406	NM_003244	0	+	3450487	3457938	0	3	334,227,1044,	0,6182,7193,
chr18	3411924	3458406	NM_174886	0	+	3456395	3457938	0	4	328,73,227,1044,	0,6216,44427,45438,
chr18	3453771	3458406	NM_173211	0	+	3456395	3457938	0	3	83,227,1044,	0,2580,3591,
chr18	3449648	3458406	NM_173209	0	+	3456395	3457938	0	3	420,227,1044,	0,6703,7714,
chr18	3451402	3458406	NM_170695	0	+	3451977	3457938	0	3	978,227,1044,	0,4949,5960,
chr18	3449648	3458406	NM_173208	0	+	3450487	3457938	0	4	420,184,227,1044,	0,671,6703,7714,
chr18	3447583	3458406	NM_173207	0	+	3447737	3457938	0	3	212,227,1044,	0,8768,9779,
chr18	3449410	3458406	NM_001278682	0	+	3449629	3457938	0	3	244,227,1044,	0,6941,7952,
chr18	3412853	3458406	NM_001278686	0	+	3456395	3457938	0	4	194,73,227,1044,	0,5287,43498,44509,
chr18	3449648	3458406	NM_001278684	0	+	3450487	3457938	0	4	420,181,227,1044,	0,674,6703,7714,
chr18	5143671	5197255	NM_001145194	0	-	5145560	5197052	0	2	2083,219,	0,53365,
chr18	5289017	5296194	NM_003409	0	-	5290856	5293245	0	3	3186,84,383,	0,4225,6794,
chr18	5289017	5296194	NM_001143823	0	-	5290856	5293245	0	4	3186,84,30,383,	0,4225,4953,6794,
chr18	5289017	5297052	NM_001243704	0	-	5290856	5293245	0	4	3186,84,30,42,	0,4225,4953,7993,
chr18	5289017	5295701	NM_001243702	0	-	5290856	5293245	0	4	3186,84,30,51,	0,4225,4953,6633,
chr18	5890183	5892103	NM_001080209	0	-	5890196	5892062	0	1	1920,	0,
chr18	6834431	6915712	NM_001010000	0	+	6837347	6912153	0	17	107,218,93,90,85,143,166,92,78,163,83,198,114,57,125,65,3654,	0,2764,16601,25375,33717,36157,38976,39251,41698,47704,52724,55455,55997,60402,62069,74527,77627,
chr18	7231136	7232042	NM_001105581	0	+	7231136	7232042	0	1	906,	0,
chr18	8609442	8639380	NM_001025300	0	+	8609725	8638260	0	6	509,61,139,90,105,1234,	0,15493,23744,26088,26808,28704,
chr18	9102627	9134343	NM_021074	0	+	9102741	9134277	0	8	168,66,63,117,169,110,77,160,	0,15208,16696,16844,19883,22244,24201,31556,
chr18	9334764	9402418	NM_020648	0	+	9337227	9399525	0	5	154,160,100,267,3075,	0,2426,25205,61513,64579,
chr18	9475529	9538106	NM_006788	0	+	9513043	9535935	0	10	160,299,459,350,162,132,108,122,124,2438,	0,37459,41313,46628,49062,50188,55302,57803,58171,60139,
chr18	9913954	9960018	NM_003574	0	+	9914253	9954208	0	7	378,153,104,81,135,174,5969,	0,17852,22152,23028,30966,36437,40095,
chr18	9913954	9960018	NM_194434	0	+	9914253	9954208	0	6	378,153,104,81,174,5969,	0,17852,22152,23028,36437,40095,
chr18	9885722	9888156	NM_032243	0	+	9886677	9888138	0	2	355,1571,	0,863,
chr18	9885722	9888156	NM_001098529	0	+	9886171	9888138	0	2	558,1571,	0,863,
chr18	10525872	10552766	NM_003826	0	+	10526099	10550217	0	12	283,68,85,18,31,110,67,71,79,80,130,2693,	0,4894,6835,7660,8590,13886,14112,14453,20450,22423,23091,24201,
chr18	11609556	11610611	NM_001282300	0	+	11609594	11610611	0	1	1055,	0,
chr18	11883471	11908796	NM_001242904	0	-	11884443	11897263	0	8	1155,141,109,75,104,109,373,597,	0,2203,3444,5196,5914,9995,13511,24728,
chr18	11851388	11854448	NM_020412	0	+	11851510	11852110	0	1	3060,	0,
chr18	11883471	11908796	NM_023075	0	-	11884443	11897263	0	11	1155,141,123,66,109,75,104,109,373,107,597,	0,2203,3026,3240,3444,5196,5914,9995,13511,22730,24728,
chr18	11857436	11885683	NM_001261444	0	+	11867167	11881134	0	8	348,55,74,59,121,131,68,4696,	0,4957,7095,9730,11105,14830,19183,23551,
chr18	11981426	12030885	NM_014214	0	+	11981668	12030457	0	8	338,134,105,46,109,109,152,544,	0,17626,28455,30742,32837,46615,47414,48915,
chr18	12093847	12129748	NM_001277333	0	+	12094016	12127938	0	14	387,115,174,107,138,68,71,173,34,142,214,184,924,2002,	0,1322,1588,2347,3791,5766,9309,13446,21239,21544,28454,30288,31611,33899,
chr18	12254317	12277594	NM_001279	0	+	12254382	12277269	0	5	103,145,147,182,473,	0,8506,9988,19774,22804,
chr18	12407894	12432236	NM_006553	0	+	12407974	12429402	0	7	112,169,90,71,103,84,1088,	0,12429,13644,19145,19325,21454,23254,
chr18	12407894	12432236	NM_001142405	0	+	12407974	12429402	0	7	112,169,90,71,103,87,1088,	0,12429,13644,19145,19325,21454,23254,
chr18	12328942	12377275	NM_006796	0	-	12329563	12377081	0	17	840,195,201,116,111,126,108,154,138,274,125,75,153,107,78,100,308,	0,8397,11257,15188,19329,22141,22362,24061,27750,29726,30983,34838,38021,38332,41905,42648,48025,
chr18	12672625	12702776	NM_024899	0	-	12673363	12702547	0	12	877,218,334,167,189,129,98,186,225,76,156,292,	0,1909,5482,8035,13635,18732,22627,24596,26352,27203,28331,29859,
chr18	12672625	12702776	NM_001271989	0	-	12673363	12702547	0	11	877,218,334,167,189,129,98,186,76,156,292,	0,1909,5482,8035,13635,18732,22627,24596,27203,28331,29859,
chr18	13663345	13726591	NM_152352	0	-	13666478	13682076	0	4	3367,112,501,264,	0,8515,18258,62982,
chr18	13641756	13652753	NM_001276251	0	+	13642714	13645656	0	3	1000,54,7628,	0,1601,3369,
chr18	13663345	13726591	NM_001098801	0	-	13666478	13682076	0	5	3367,112,501,140,264,	0,8515,18258,24396,62982,
chr18	13825542	13826861	NM_005913	0	+	13825764	13826742	0	1	1319,	0,
chr18	14099941	14132489	NM_145287	0	-	14104915	14132276	0	3	6467,127,216,	0,24407,32332,
chr18	14511736	14543599	NM_001137671	0	-	14511896	14543145	0	11	256,124,167,45,71,71,138,107,174,115,975,	0,1924,10516,11725,13175,18745,21323,23163,26063,26397,30888,
chr18	19192229	19210206	NM_001291916	0	+	19192390	19209099	0	4	175,77,69,1184,	0,10456,11602,16793,
chr18	19192229	19210206	NM_006938	0	+	19192390	19209099	0	4	175,77,192,1184,	0,10456,11479,16793,
chr18	19749397	19782491	NM_005257	0	+	19751105	19780786	0	7	246,1172,167,126,88,104,1873,	0,1671,7518,12016,13320,13503,31221,
chr18	19993563	19997878	NM_172241	0	-	19995536	19997774	0	1	4315,	0,
chr18	20735788	20840434	NM_138375	0	+	20735866	20837331	0	10	128,72,93,78,97,157,104,107,208,3244,	0,33013,38623,58152,78783,80070,81317,97135,97904,101402,
chr18	20714527	20840434	NM_001256438	0	+	20774475	20837331	0	10	107,72,93,78,97,157,104,107,208,3244,	0,54274,59884,79413,100044,101331,102578,118396,119165,122663,
chr18	20715726	20840434	NM_001100619	0	+	20715726	20837331	0	10	845,72,93,78,97,157,104,107,208,3244,	0,53075,58685,78214,98845,100132,101379,117197,117966,121464,
chr18	21032786	21063099	NM_003831	0	+	21033403	21061243	0	13	680,116,146,108,110,144,128,198,160,81,90,108,1964,	0,10141,11144,11383,11696,13310,14576,20606,22125,24183,24356,26494,28349,
chr18	21111462	21166581	NM_000271	0	-	21112165	21166307	0	25	786,163,114,232,204,130,116,191,90,141,128,115,183,190,103,101,227,371,74,250,168,176,107,123,331,	0,1856,2947,3970,5174,7043,7856,8312,8949,9569,9807,11956,12845,13461,16507,20128,23259,24744,25618,28732,29861,37324,40575,41953,54788,
chr18	21594383	21600262	NM_001243425	0	+	21594835	21599887	0	2	619,439,	0,5440,
chr18	21718919	21741564	NM_153770	0	+	21723078	21741480	0	6	163,169,54,342,124,85,	0,4135,4404,16745,20990,22560,
chr18	21718919	21741564	NM_153769	0	+	21723078	21741480	0	6	163,169,54,342,598,85,	0,4135,4404,16745,20516,22560,
chr18	21718919	21741564	NM_012189	0	+	21723078	21736947	0	6	163,169,54,1299,598,85,	0,4135,4404,16745,20516,22560,
chr18	21719447	21741564	NM_138644	0	+	21723078	21741480	0	6	36,169,54,342,598,85,	0,3607,3876,16217,19988,22032,
chr18	21718919	21741564	NM_138643	0	+	21735759	21741480	0	4	163,342,598,85,	0,16745,20516,22560,
chr18	21718919	21741564	NM_153768	0	+	21723078	21736947	0	5	163,169,1299,598,85,	0,4135,16745,20516,22560,
chr18	21693316	21715574	NM_001292030	0	+	21693566	21712538	0	9	313,94,108,110,124,98,105,39,3126,	0,1201,4772,10481,12074,15533,16960,18529,19132,
chr18	22040592	22059921	NM_001160166	0	+	22040692	22056721	0	2	293,3211,	0,16118,
chr18	22040592	22059921	NM_021624	0	+	22040692	22057526	0	3	293,164,3211,	0,8159,16118,
chr18	22040592	22059921	NM_001143828	0	+	22040692	22057526	0	2	293,3111,	0,16218,
chr18	23596216	23670611	NM_005637	0	-	23598317	23670533	0	10	2128,134,123,105,168,222,154,85,77,147,	0,16146,18752,22302,23036,36371,41336,61823,71248,74248,
chr18	23596216	23670611	NM_001007559	0	-	23598317	23670533	0	11	2128,134,123,93,105,168,222,154,85,77,147,	0,16146,18752,19578,22302,23036,36371,41336,61823,71248,74248,
chr18	24432007	24442575	NM_004028	0	-	24436174	24442526	0	4	4446,81,165,430,	0,8728,9087,10138,
chr18	24432007	24445716	NM_001650	0	-	24436174	24445653	0	5	4446,81,165,415,95,	0,8728,9087,10138,13614,
chr18	28645941	28682388	NM_004949	0	-	28648274	28681934	0	17	2237,46,258,125,237,225,143,257,186,135,167,145,156,120,200,85,523,	0,2323,2918,4750,5629,8707,13871,14120,16262,16950,20597,21690,23460,25049,26122,27580,35924,
chr18	28645941	28682388	NM_024422	0	-	28647980	28681934	0	16	2237,258,125,237,225,143,257,186,135,167,145,156,120,200,85,523,	0,2918,4750,5629,8707,13871,14120,16262,16950,20597,21690,23460,25049,26122,27580,35924,
chr18	28709213	28742819	NM_004948	0	-	28710765	28742557	0	17	1461,46,249,122,240,213,143,260,186,135,167,145,156,120,203,85,325,	0,1542,2343,3317,4640,5321,10497,10791,12748,14406,16360,19247,25523,26792,28120,30194,33281,
chr18	28709213	28742819	NM_024421	0	-	28710476	28742557	0	16	1461,249,122,240,213,143,260,186,135,167,145,156,120,203,85,325,	0,2343,3317,4640,5321,10497,10791,12748,14406,16360,19247,25523,26792,28120,30194,33281,
chr18	28898051	28937393	NM_001942	0	+	28898263	28935309	0	15	260,36,132,156,145,167,135,186,260,140,282,134,70,209,3134,	0,8492,8785,10100,11803,13612,15500,15928,18265,20226,21655,25361,25837,27901,36208,
chr18	29027731	29058665	NM_001944	0	+	29027840	29056223	0	16	157,36,132,156,145,167,129,186,272,140,225,261,140,64,284,3057,	0,8671,9224,10676,11264,12076,13064,13458,16342,17549,18761,21320,24515,24956,26352,27877,
chr18	29171729	29178986	NM_000371	0	+	29171865	29178638	0	4	205,131,136,456,	0,1129,3353,6801,
chr18	29339658	29340843	NM_001034172	0	-	29339730	29340654	0	1	1185,	0,
chr18	29672568	29711524	NM_001191324	0	+	29672739	29709150	0	7	281,166,116,57,112,108,2443,	0,19148,21139,30912,32128,34087,36513,
chr18	29672568	29711524	NM_198128	0	+	29672739	29709150	0	5	281,57,112,108,2443,	0,30912,32128,34087,36513,
chr18	29671817	29711524	NM_016271	0	+	29672739	29709150	0	8	381,187,166,116,57,112,108,2443,	0,845,19899,21890,31663,32879,34838,37264,
chr18	29769986	29800366	NM_005925	0	+	29770033	29800208	0	15	110,19,45,44,79,118,179,219,153,216,444,180,127,205,173,	0,1798,2622,2750,5383,12869,14158,17228,18095,20477,23092,25058,26967,27737,30207,
chr18	32398246	32471808	NM_001198942	0	+	32400832	32464709	0	16	365,125,84,90,78,93,88,98,114,97,160,90,169,133,49,4079,	0,2508,9310,11117,19811,20462,30013,33548,40002,45683,56956,59436,61268,63786,66445,69483,
chr18	32398246	32471808	NM_001198944	0	+	32400832	32464709	0	14	365,125,84,90,88,98,114,97,160,90,169,133,49,4079,	0,2508,9310,11117,30013,33548,40002,45683,56956,59436,61268,63786,66445,69483,
chr18	32397925	32471808	NM_001198943	0	+	32398168	32464709	0	13	369,125,84,88,98,114,97,160,90,169,133,49,4079,	0,2829,9631,30334,33869,40323,46004,57277,59757,61589,64107,66766,69804,
chr18	32398301	32471808	NM_032980	0	+	32400832	32464709	0	14	310,125,84,78,88,98,114,97,160,90,169,133,49,4079,	0,2453,9255,19756,29958,33493,39947,45628,56901,59381,61213,63731,66390,69428,
chr18	32398301	32448778	NM_032981	0	+	32400832	32446125	0	8	310,125,84,88,98,114,97,2704,	0,2453,9255,29958,33493,39947,45628,47773,
chr18	32820993	32838397	NM_032347	0	+	32822434	32837902	0	6	80,494,142,90,171,506,	0,1361,2122,4232,13202,16898,
chr18	32820993	32827153	NM_001135178	0	+	32822434	32826274	0	4	80,494,142,1928,	0,1361,2122,4232,
chr18	32831021	32870209	NM_001166012	0	-	32833413	32844316	0	5	3324,145,511,204,162,	0,12455,12887,16418,39026,
chr18	32831021	32870209	NM_001112734	0	-	32833413	32844316	0	4	3324,145,511,162,	0,12455,12887,39026,
chr18	32831021	32870209	NM_001288711	0	-	32833413	32834337	0	2	3324,115,	0,39073,
chr18	32912177	32924426	NM_006965	0	-	32917195	32920614	0	4	5557,148,503,103,	0,7615,8017,12146,
chr18	32946660	32957301	NM_145756	0	-	32948314	32954256	0	5	1749,345,145,489,60,	0,2619,6759,7179,10581,
chr18	33048290	33077955	NM_194281	0	-	33048574	33077838	0	5	416,68,112,111,273,	0,9955,10973,12126,29392,
chr18	33048290	33077955	NM_001098817	0	-	33048574	33077838	0	7	416,68,112,111,54,54,273,	0,9955,10973,12126,19059,21005,29392,
chr18	33234532	33291798	NM_020474	0	+	33234626	33289734	0	11	233,175,167,208,171,118,181,140,99,135,2211,	0,9059,23022,28822,32447,34604,36443,37612,48328,48940,55055,
chr18	33569791	33647373	NM_018170	0	-	33573113	33647367	0	7	3472,176,127,98,107,130,157,	0,37071,37355,40979,41162,43879,77425,
chr18	33709836	33754688	NM_001242875	0	+	33709896	33754604	0	23	198,79,71,157,78,195,65,67,141,96,101,132,150,189,70,96,58,73,193,122,134,114,241,	0,3364,6433,8396,8921,9545,11263,12407,12952,15065,16074,16376,24976,26592,28961,29861,30084,31058,34601,37227,40189,41173,44611,
chr18	33688493	33709357	NM_012319	0	-	33689555	33706970	0	10	1215,191,81,378,106,219,170,181,798,281,	0,2528,3970,5566,8143,13521,14964,15989,17688,20583,
chr18	33709836	33754688	NM_001242876	0	+	33709896	33754604	0	21	198,79,71,157,195,65,67,141,96,101,150,189,70,96,58,73,193,122,134,114,241,	0,3364,6433,8396,9545,11263,12407,12952,15065,16074,24976,26592,28961,29861,30084,31058,34601,37227,40189,41173,44611,
chr18	33690962	33709357	NM_001099406	0	-	33691009	33704627	0	8	250,81,378,106,219,170,181,281,	0,1501,3097,5674,11052,12495,13520,18114,
chr18	33709836	33754688	NM_018255	0	+	33709896	33754604	0	22	198,79,71,157,78,65,67,141,96,101,132,150,189,70,96,58,73,193,122,134,114,241,	0,3364,6433,8396,8921,11263,12407,12952,15065,16074,16376,24976,26592,28961,29861,30084,31058,34601,37227,40189,41173,44611,
chr18	33709836	33754688	NM_001242878	0	+	33709896	33754604	0	20	198,79,71,157,65,67,141,96,101,150,189,70,96,58,73,193,122,134,114,241,	0,3364,6433,8396,11263,12407,12952,15065,16074,24976,26592,28961,29861,30084,31058,34601,37227,40189,41173,44611,
chr18	33709836	33754688	NM_001242877	0	+	33709896	33754604	0	21	198,79,71,157,65,67,141,96,101,132,150,189,70,96,58,73,193,122,134,114,241,	0,3364,6433,8396,11263,12407,12952,15065,16074,16376,24976,26592,28961,29861,30084,31058,34601,37227,40189,41173,44611,
chr18	33709836	33754684	NM_001242879	0	+	33709896	33754604	0	19	198,79,71,157,141,96,101,132,150,189,70,96,58,73,193,122,134,114,237,	0,3364,6433,8396,12952,15065,16074,16376,24976,26592,28961,29861,30084,31058,34601,37227,40189,41173,44611,
chr18	34374068	34409179	NM_015476	0	-	34376767	34408730	0	7	2945,161,114,129,88,80,534,	0,4343,6092,11268,13741,24788,34577,
chr18	34374068	34409179	NM_001271949	0	-	34376767	34408730	0	7	2945,161,114,24,88,80,534,	0,4343,6092,11268,13741,24788,34577,
chr18	34359987	34409179	NM_001271956	0	-	34360109	34408730	0	7	164,161,114,129,88,80,534,	0,18424,20173,25349,27822,38869,48658,
chr18	34366446	34409179	NM_001271955	0	-	34367031	34408730	0	5	596,129,88,80,534,	0,18890,21363,32410,42199,
chr18	34377980	34409179	NM_001271954	0	-	34378384	34408730	0	6	592,114,129,88,80,534,	0,2180,7356,9829,20876,30665,
chr18	34366752	34409179	NM_001271953	0	-	34366906	34408730	0	7	193,161,114,129,88,80,534,	0,11659,13408,18584,21057,32104,41893,
chr18	34377980	34409179	NM_001271952	0	-	34378384	34398877	0	7	592,114,129,88,80,69,534,	0,2180,7356,9829,20876,25785,30665,
chr18	34366446	34409179	NM_001271951	0	-	34366784	34408730	0	7	596,161,114,129,88,80,534,	0,11965,13714,18890,21363,32410,42199,
chr18	34374068	34409179	NM_001271950	0	-	34376767	34408730	0	6	2945,161,114,88,80,534,	0,4343,6092,13741,24788,34577,
chr18	40847856	40857615	NM_020783	0	-	40850305	40857246	0	4	2757,121,815,403,	0,3820,5688,9356,
chr18	43306917	43332485	NM_001146037	0	+	43307236	43329916	0	9	466,172,190,129,193,148,135,50,2743,	0,3347,4062,7321,9503,12210,12575,21423,22825,
chr18	43304091	43332485	NM_001146036	0	+	43310285	43329916	0	11	147,64,87,172,190,129,193,148,135,50,2743,	0,823,3205,6173,6888,10147,12329,15036,15401,24249,25651,
chr18	43304091	43332485	NM_001128588	0	+	43307236	43329916	0	11	147,64,158,172,190,129,193,148,135,50,2743,	0,823,3134,6173,6888,10147,12329,15036,15401,24249,25651,
chr18	43304091	43332485	NM_015865	0	+	43310285	43329916	0	10	147,64,172,190,129,193,148,135,50,2743,	0,823,6173,6888,10147,12329,15036,15401,24249,25651,
chr18	43405544	43422521	NM_213602	0	+	43405693	43422152	0	6	201,60,384,378,31,451,	0,11449,11933,13138,14631,16526,
chr18	43684297	43708299	NM_138443	0	+	43684377	43708091	0	9	110,175,136,135,124,66,72,48,259,	0,862,13849,15594,18135,18967,20490,21412,23743,
chr18	43664109	43678319	NM_001257335	0	-	43664247	43671806	0	12	220,151,145,108,225,152,149,167,174,170,79,518,	0,360,1969,2243,2864,3197,3965,5422,5679,7538,10909,13692,
chr18	43664109	43678319	NM_004046	0	-	43664247	43678197	0	12	220,151,145,108,225,152,149,167,174,170,79,182,	0,360,1969,2243,2864,3197,3965,5422,5679,7538,10909,14028,
chr18	43664109	43678319	NM_001257334	0	-	43664247	43678197	0	12	220,151,145,108,225,152,149,167,108,170,79,182,	0,360,1969,2243,2864,3197,3965,5422,5745,7538,10909,14028,
chr18	43664109	43678319	NM_001001935	0	-	43664247	43671806	0	12	220,151,145,108,225,152,149,167,174,170,152,182,	0,360,1969,2243,2864,3197,3965,5422,5679,7538,10836,14028,
chr18	43664109	43684199	NM_001001937	0	-	43664247	43678197	0	13	220,151,145,108,225,152,149,167,174,170,79,108,97,	0,360,1969,2243,2864,3197,3965,5422,5679,7538,10909,14028,19993,
chr18	44056934	44099049	NM_001173129	0	-	44057180	44098207	0	10	249,313,159,133,171,186,175,118,128,208,	0,668,6615,8047,12000,28866,30566,32726,41157,41907,
chr18	44056934	44139270	NM_001145472	0	-	44057145	44137335	0	24	249,299,159,133,171,186,175,118,128,186,209,136,210,155,163,117,182,165,129,105,164,134,154,138,	0,682,6615,8047,12000,28866,30566,32726,41157,44125,45129,47494,47736,52205,56190,57363,61184,64804,65755,68345,69923,80384,80930,82198,
chr18	44057216	44099049	NM_001145473	0	-	44057434	44098207	0	9	699,159,133,171,186,175,118,128,208,	0,6333,7765,11718,28584,30284,32444,40875,41625,
chr18	44558942	44561988	NM_016427	0	-	44559373	44561635	0	1	3046,	0,
chr18	44542730	44544607	NM_001242907	0	-	44542730	44544371	0	1	1877,	0,
chr18	44548657	44550534	NM_001242907	0	-	44548657	44550298	0	1	1877,	0,
chr18	44554572	44556213	NM_001100817	0	-	44554572	44556213	0	1	1641,	0,
chr18	44548657	44550534	NM_145653	0	-	44548657	44550298	0	1	1877,	0,
chr18	44554572	44556449	NM_145653	0	-	44554572	44556213	0	1	1877,	0,
chr18	44548657	44550298	NM_001100817	0	-	44548657	44550298	0	1	1641,	0,
chr18	44542730	44544371	NM_001100817	0	-	44542730	44544371	0	1	1641,	0,
chr18	44633780	44676871	NM_032124	0	-	44635052	44662810	0	7	1376,64,217,85,209,111,123,	0,5567,7722,22834,27086,28929,42968,
chr18	44738459	44775554	NM_001278063	0	-	44738459	44775554	0	7	63,68,99,66,75,64,2613,	0,7854,18370,18846,32819,33409,34482,
chr18	44757493	44775554	NM_001037802	0	-	44757493	44775554	0	3	42,75,774,	0,13785,17287,
chr18	45359465	45457517	NM_001135937	0	-	45368197	45423127	0	10	8856,145,138,213,54,75,135,194,289,347,	0,12245,12568,15380,18179,31964,35228,36148,63426,97705,
chr18	45359465	45457517	NM_001003652	0	-	45368197	45423127	0	11	8856,145,138,213,54,75,135,194,90,289,347,	0,12245,12568,15380,18179,31964,35228,36148,37380,63426,97705,
chr18	45359465	45456970	NM_005901	0	-	45368197	45423127	0	11	8856,145,138,213,54,75,135,194,90,289,239,	0,12245,12568,15380,18179,31964,35228,36148,37380,63426,97266,
chr18	46446222	46469177	NM_001190823	0	-	46447741	46469028	0	2	2058,327,	0,22628,
chr18	46446222	46475703	NM_001190822	0	-	46447741	46474775	0	4	2058,75,54,105,	0,22628,28531,29376,
chr18	46446222	46477081	NM_001190821	0	-	46447741	46476794	0	4	2058,72,54,900,	0,22628,28531,29959,
chr18	46446222	46477081	NM_005904	0	-	46447741	46476794	0	4	2058,75,54,900,	0,22628,28531,29959,
chr18	47014850	47018935	NM_000985	0	-	47014888	47017941	0	7	86,192,99,135,41,302,108,	0,878,1973,2312,2924,3051,3977,
chr18	47007547	47013644	NM_001199346	0	-	47008714	47010118	0	3	1233,188,68,	0,2406,6029,
chr18	47014850	47018935	NM_001199345	0	-	47014888	47017264	0	6	86,192,99,135,53,108,	0,878,1973,2312,3051,3977,
chr18	47014850	47018834	NM_001199344	0	-	47014888	47017941	0	7	86,192,99,135,41,53,190,	0,878,1973,2312,2924,3051,3794,
chr18	47014850	47018834	NM_001199343	0	-	47014888	47017941	0	8	86,192,99,135,41,53,98,190,	0,878,1973,2312,2924,3051,3255,3794,
chr18	47014850	47018935	NM_001035006	0	-	47014888	47017941	0	7	86,192,99,135,41,53,108,	0,878,1973,2312,2924,3051,3977,
chr18	47014850	47018935	NM_001199340	0	-	47014888	47017941	0	8	86,192,99,135,41,53,98,108,	0,878,1973,2312,2924,3051,3255,3977,
chr18	47007547	47017954	NM_001199355	0	-	47009961	47017941	0	7	1233,188,192,99,135,41,53,	0,2406,8181,9276,9615,10227,10354,
chr18	47007547	47018935	NM_001199356	0	-	47009961	47017264	0	7	1233,188,192,99,135,53,108,	0,2406,8181,9276,9615,10354,11280,
chr18	47014850	47018834	NM_001199342	0	-	47014888	47017941	0	8	86,192,99,135,41,53,98,207,	0,878,1973,2312,2924,3051,3255,3777,
chr18	47014850	47018834	NM_001199341	0	-	47014888	47017941	0	7	86,192,99,135,41,53,207,	0,878,1973,2312,2924,3051,3777,
chr18	47007547	47013644	NM_001035005	0	-	47008714	47010118	0	3	1233,188,232,	0,2406,5865,
chr18	47088426	47119278	NM_006033	0	+	47088678	47116892	0	10	349,182,180,112,222,243,121,219,105,2408,	0,3260,5385,7380,13312,19358,20305,21499,24689,28444,
chr18	47795215	47808144	NM_001204136	0	-	47795998	47806362	0	16	973,62,132,138,300,168,69,117,129,147,41,83,167,115,135,412,	0,3831,3978,4488,4718,5340,6131,6283,6754,6989,7532,7816,7986,8244,11037,12517,
chr18	47795215	47808144	NM_015847	0	-	47797870	47806362	0	16	973,72,62,132,138,300,168,69,117,129,41,83,167,115,135,412,	0,2623,3831,3978,4488,4718,5340,6131,6283,6754,7532,7816,7986,8244,11037,12517,
chr18	47797411	47808144	NM_001204137	0	-	47797870	47806362	0	17	499,62,132,138,300,168,69,117,75,129,147,41,83,167,115,135,412,	0,1635,1782,2292,2522,3144,3935,4087,4328,4558,4793,5336,5620,5790,6048,8841,10321,
chr18	47797838	47806387	NM_001204151	0	-	47797870	47806362	0	13	72,62,132,300,168,117,129,147,41,83,167,115,135,	0,1208,1355,2095,2717,3660,4131,4366,4909,5193,5363,5621,8414,
chr18	47808712	47814692	NM_001101654	0	-	47808962	47813959	0	15	397,153,97,50,111,208,185,120,246,27,180,236,101,119,736,	0,511,922,1172,1362,1551,2035,2377,2659,2982,3406,3679,4196,4397,5244,
chr18	47753562	47792865	NM_145020	0	-	47753750	47792774	0	8	417,103,217,219,304,174,230,160,	0,11410,15707,23565,24288,33871,34797,39143,
chr18	47795215	47808137	NM_001204143	0	-	47796045	47806362	0	14	966,62,132,300,69,117,129,147,41,83,167,115,135,193,	0,3831,3978,4718,6131,6283,6754,6989,7532,7816,7986,8244,11037,12729,
chr18	47795215	47808144	NM_001204142	0	-	47796380	47806362	0	14	1240,132,300,168,69,117,129,147,41,83,167,115,135,412,	0,3978,4718,5340,6131,6283,6754,6989,7532,7816,7986,8244,11037,12517,
chr18	47795215	47808144	NM_015846	0	-	47797870	47806362	0	17	973,72,62,132,138,300,168,69,117,129,147,41,83,167,115,135,412,	0,2623,3831,3978,4488,4718,5340,6131,6283,6754,6989,7532,7816,7986,8244,11037,12517,
chr18	47795215	47808144	NM_015845	0	-	47795998	47806362	0	14	973,62,132,300,168,117,129,147,41,83,167,115,135,412,	0,3831,3978,4718,5340,6283,6754,6989,7532,7816,7986,8244,11037,12517,
chr18	47795215	47808144	NM_015844	0	-	47797870	47806362	0	16	973,72,62,132,138,300,69,117,129,147,41,83,167,115,135,412,	0,2623,3831,3978,4488,4718,6131,6283,6754,6989,7532,7816,7986,8244,11037,12517,
chr18	47797411	47808144	NM_001204138	0	-	47797870	47806362	0	17	499,62,132,138,297,168,69,117,75,129,147,41,83,167,115,135,412,	0,1635,1782,2292,2522,3144,3935,4087,4328,4558,4793,5336,5620,5790,6048,8841,10321,
chr18	47793251	47808144	NM_001204139	0	-	47797870	47806362	0	17	782,72,62,132,138,300,168,69,117,129,147,41,83,167,115,135,412,	0,4587,5795,5942,6452,6682,7304,8095,8247,8718,8953,9496,9780,9950,10208,13001,14481,
chr18	47797411	47808144	NM_001204140	0	-	47797870	47806362	0	16	499,62,132,138,300,69,117,75,129,147,41,83,167,115,135,412,	0,1635,1782,2292,2522,3935,4087,4328,4558,4793,5336,5620,5790,6048,8841,10321,
chr18	47808712	47814692	NM_014593	0	-	47808962	47813959	0	15	397,153,97,50,111,208,185,108,246,27,180,236,101,119,736,	0,511,922,1172,1362,1551,2035,2389,2659,2982,3406,3679,4196,4397,5244,
chr18	47795215	47808144	NM_002384	0	-	47797870	47806362	0	15	973,72,62,132,300,69,117,129,147,41,83,167,115,135,412,	0,2623,3831,3978,4718,6131,6283,6754,6989,7532,7816,7986,8244,11037,12517,
chr18	47793251	47808144	NM_001204141	0	-	47793957	47806362	0	15	782,62,132,138,300,165,69,117,129,41,83,167,115,135,412,	0,5795,5942,6452,6682,7304,8095,8247,8718,9496,9780,9950,10208,13001,14481,
chr18	47901391	47920538	NM_145060	0	+	47902200	47918617	0	7	173,99,125,98,138,170,2070,	0,798,5104,7107,10194,16102,17077,
chr18	47901391	47920538	NM_001039535	0	+	47902200	47918617	0	7	218,99,125,98,138,170,2070,	0,798,5104,7107,10194,16102,17077,
chr18	48321489	48346434	NM_031939	0	-	48325706	48335770	0	8	4271,108,156,183,147,103,122,168,	0,4916,6229,10034,11584,14182,24461,24777,
chr18	48321489	48346434	NM_001127176	0	-	48325706	48346285	0	7	4271,108,156,183,147,122,168,	0,4916,6229,10034,11584,24461,24777,
chr18	48321489	48346434	NM_001127175	0	-	48325706	48346285	0	6	4271,108,183,147,122,168,	0,4916,10034,11584,24461,24777,
chr18	48321489	48351754	NM_001127174	0	-	48325706	48335770	0	6	4271,108,183,147,103,76,	0,4916,10034,11584,14182,30189,
chr18	48405431	48476162	NM_002396	0	+	48422190	48473554	0	16	247,120,134,150,76,162,104,110,98,114,115,143,103,71,99,2776,	0,16747,29001,33739,37106,38285,39048,41394,41599,42012,45036,46694,53196,60508,61226,67955,
chr18	48405431	48476162	NM_001168335	0	+	48422190	48473409	0	14	247,120,134,150,76,162,104,110,98,114,115,143,103,2776,	0,16747,29001,33739,37106,38285,39048,41394,41599,42012,45036,46694,53196,67955,
chr18	48556582	48611411	NM_005359	0	+	48573416	48604837	0	12	411,376,175,30,213,120,117,51,184,169,139,6786,	0,16707,18473,19082,24568,27912,28127,29653,35210,36806,46425,48043,
chr18	48700919	48724051	NM_016626	0	-	48702720	48723690	0	2	3027,1115,	0,22017,
chr18	51677970	51751158	NM_003927	0	-	51686146	51750929	0	7	3711,139,178,91,138,160,771,	0,8164,12922,14475,37273,53397,72417,
chr18	51729049	51751158	NM_015832	0	-	51729265	51750929	0	3	423,160,771,	0,2318,21338,
chr18	51851061	51880943	NM_139171	0	-	51851061	51880943	0	6	184,94,118,127,50,90,	0,4655,7050,12433,29362,29792,
chr18	51795848	51824604	NM_007195	0	+	51795916	51820837	0	10	183,126,165,153,237,179,92,131,206,4586,	0,1881,4447,8224,11188,13358,14443,17802,22354,24170,
chr18	52258389	52266724	NM_173629	0	+	52258435	52265376	0	3	181,165,1681,	0,3780,6654,
chr18	52568739	52625279	NM_001143829	0	-	52571588	52610022	0	12	2907,77,84,106,83,129,126,141,87,125,90,74,	0,6277,16404,17762,27291,33311,35324,36448,39488,41166,43879,56466,
chr18	52568739	52626739	NM_025214	0	-	52571588	52610022	0	12	2907,77,84,106,83,129,126,141,87,129,90,173,	0,6277,16404,17762,27291,33311,35324,36448,39488,41166,43879,57827,
chr18	54270052	54305920	NM_004786	0	-	54270257	54305671	0	8	235,105,173,70,123,174,97,347,	0,8171,11602,13423,15182,21466,23539,35521,
chr18	54814292	54817639	NM_001257964	0	+	54814543	54815062	0	1	3347,	0,
chr18	55019720	55036161	NM_015879	0	+	55020077	55027508	0	4	536,123,558,8936,	0,1912,4423,7505,
chr18	55102916	55158530	NM_004852	0	+	55102948	55143955	0	2	1260,14862,	0,40752,
chr18	55212072	55253969	NM_000140	0	-	55217943	55253852	0	11	6006,60,165,108,99,107,135,149,120,127,184,	0,6474,9419,10004,14304,18033,21606,26551,28405,35232,41713,
chr18	55267893	55289177	NM_004539	0	-	55268883	55288949	0	14	1122,132,132,114,136,200,222,87,71,79,90,159,83,238,	0,1693,2150,5195,5954,6472,6782,8695,10975,12940,14979,15155,19907,21046,
chr18	55212072	55253969	NM_001012515	0	-	55217943	55253852	0	11	6006,60,165,108,99,107,135,149,120,145,184,	0,6474,9419,10004,14304,18033,21606,26551,28405,35214,41713,
chr18	56337240	56339105	NM_001289967	0	-	56337842	56338877	0	2	800,405,	0,1460,
chr18	56807124	56826063	NM_033280	0	+	56807180	56825917	0	6	143,110,150,120,58,200,	0,9620,12643,15795,17715,18739,
chr18	56962635	56985881	NM_181654	0	-	56963929	56985694	0	3	1522,88,354,	0,17281,22892,
chr18	56887399	56898002	NM_002091	0	+	56887497	56897700	0	3	237,243,367,	0,5324,10236,
chr18	56887399	56898002	NM_001012512	0	+	56887497	56897700	0	3	237,243,346,	0,5324,10257,
chr18	56887399	56898002	NM_001012513	0	+	56887497	56897689	0	3	237,224,367,	0,5324,10236,
chr18	56934266	56940625	NM_013435	0	-	56936235	56940438	0	3	2467,254,476,	0,5326,5883,
chr18	57567191	57571538	NM_021127	0	+	57567409	57569985	0	2	276,1660,	0,2687,
chr18	58038563	58040001	NM_005912	0	-	58038583	58039582	0	1	1438,	0,
chr18	59157774	59222365	NM_031891	0	+	59157786	59221928	0	11	258,295,120,168,188,254,137,122,118,252,943,	0,8644,9841,12411,16831,37425,45951,48482,54485,59436,63648,
chr18	60190657	60245818	NM_017742	0	+	60190657	60243812	0	14	939,112,77,72,113,95,84,58,136,65,95,129,1494,2074,	0,16256,19073,21377,26923,32778,35262,37162,39584,41146,41577,46678,50632,53087,
chr18	60985186	60986613	NM_000657	0	-	60985281	60985899	0	2	999,207,	0,1220,
chr18	60994970	61034506	NM_002035	0	-	60999014	61034351	0	10	4164,102,84,84,192,96,66,57,90,263,	0,7519,11062,16672,23150,27466,27760,31998,35041,39273,
chr18	61144143	61172318	NM_002639	0	+	61151661	61170955	0	7	135,175,138,118,143,168,1756,	0,7511,10035,12436,16042,22209,26419,
chr18	61254533	61266433	NM_012397	0	+	61255901	61264597	0	8	151,182,60,129,118,143,156,2241,	0,1351,2356,5048,5554,7055,7729,9659,
chr18	61223392	61234244	NM_080474	0	+	61223392	61234244	0	7	168,75,141,118,143,168,405,	0,2192,3418,4925,7818,9285,10447,
chr18	61304492	61311502	NM_002974	0	-	61304952	61310811	0	8	865,156,143,118,129,57,191,60,	0,1926,2375,3615,4501,5902,6154,6950,
chr18	61322430	61329197	NM_006919	0	-	61322890	61328450	0	8	865,156,143,118,129,57,191,118,	0,1634,2073,3316,4202,5603,5855,6649,
chr18	61442608	61472610	NM_003784	0	+	61449606	61471869	0	8	342,186,51,117,118,143,147,1140,	0,6980,17018,17786,20891,23229,25491,28862,
chr18	61369537	61391127	NM_080475	0	+	61377427	61390633	0	9	74,156,183,60,129,118,143,156,899,	0,547,7875,9031,10261,13731,17709,18527,20691,
chr18	61420280	61472610	NM_001040147	0	+	61449606	61471869	0	8	74,186,51,117,118,143,147,1140,	0,29308,39346,40114,43219,45557,47819,51190,
chr18	61370192	61391127	NM_001291278	0	+	61377427	61390633	0	6	48,183,60,129,156,899,	0,7220,8376,9606,17872,20036,
chr18	61370192	61391127	NM_001291279	0	+	61387296	61390633	0	7	48,183,60,129,143,156,899,	0,7220,8376,9606,17054,17872,20036,
chr18	61442608	61472610	NM_001261831	0	+	61449606	61471869	0	7	342,186,117,118,143,147,1140,	0,6980,17786,20891,23229,25491,28862,
chr18	61445010	61472610	NM_001261830	0	+	61449606	61471869	0	8	49,186,51,117,118,143,147,1140,	0,4578,14616,15384,18489,20827,23089,26460,
chr18	61582744	61602476	NM_005024	0	+	61582744	61602476	0	7	168,66,138,118,143,156,405,	0,1945,2454,4277,14534,17537,19327,
chr18	61554938	61571124	NM_002575	0	+	61558678	61570539	0	8	66,177,120,129,118,143,165,990,	0,3731,7559,9386,10022,14035,14699,15196,
chr18	61554938	61571124	NM_001143818	0	+	61558678	61570539	0	9	66,258,177,120,129,118,143,165,990,	0,2133,3731,7559,9386,10022,14035,14699,15196,
chr18	61637262	61656608	NM_001276490	0	+	61650934	61654512	0	6	142,138,118,143,153,2501,	0,9772,11692,13550,15064,16845,
chr18	61616587	61627645	NM_001123366	0	+	61620689	61627589	0	4	47,174,150,254,	0,4000,5054,10804,
chr18	61637262	61656608	NM_002640	0	+	61645542	61654512	0	7	142,178,138,118,143,153,2501,	0,8270,9772,11692,13550,15064,16845,
chr18	61637262	61656608	NM_198833	0	+	61645542	61654512	0	7	159,178,138,118,143,153,2501,	0,8270,9772,11692,13550,15064,16845,
chr18	61637262	61653887	NM_001031848	0	+	61645542	61653500	0	7	142,178,138,118,143,153,396,	0,8270,9772,11692,13550,15064,16229,
chr18	65173818	65183967	NM_032160	0	-	65178206	65181875	0	2	8911,370,	0,9779,
chr18	66340924	66382353	NM_019022	0	-	66344169	66382218	0	16	3506,69,130,57,54,58,99,67,78,100,81,46,124,40,55,181,	0,5775,7293,9237,10502,10740,13979,17607,23538,24244,26717,28057,36333,37676,40158,41248,
chr18	67530192	67624232	NM_006566	0	-	67531549	67614642	0	7	1483,55,103,345,336,73,242,	0,4400,10187,32744,83777,84404,93798,
chr18	67956136	67997434	NM_004232	0	+	67991904	67993512	0	2	190,5656,	0,35642,
chr18	68297754	68318093	NM_001278515	0	-	68297795	68317947	0	3	171,179,248,	0,12026,20091,
chr18	70203914	70211723	NM_182511	0	-	70205410	70209395	0	5	1694,120,523,45,512,	0,1973,5124,6806,7297,
chr18	71815745	71826204	NM_014177	0	+	71816043	71825715	0	6	599,63,98,74,106,594,	0,6634,6795,9503,9660,9865,
chr18	71740587	71815100	NM_001142958	0	-	71740695	71815020	0	10	378,125,143,83,127,210,243,105,111,196,	0,8574,50015,51136,52622,56052,57063,62409,66849,74317,
chr18	71740587	71814999	NM_152676	0	-	71740695	71803100	0	10	378,125,143,83,127,210,243,105,111,224,	0,8574,50015,51136,52622,56052,57063,62409,66849,74188,
chr18	71983109	72026422	NM_001174123	0	+	71985100	72021748	0	14	235,166,79,57,112,42,77,110,97,86,184,1023,90,2707,	0,1959,4638,6823,12072,13120,14991,22840,26157,26366,27644,37371,38582,40606,
chr18	72166822	72190689	NM_001168499	0	+	72167208	72187303	0	9	446,144,201,85,161,165,142,148,3456,	0,1741,11225,12860,13971,16640,18911,19361,20411,
chr18	72163499	72190689	NM_018235	0	+	72167208	72187303	0	12	167,152,144,163,89,201,85,161,165,142,148,3456,	0,3617,5064,9584,12575,14548,16183,17294,19963,22234,22684,23734,
chr18	72102962	72124503	NM_001044369	0	-	72103735	72124494	0	4	992,165,678,207,	0,6224,10878,21334,
chr18	72909277	72921281	NM_175907	0	-	72913370	72921013	0	2	5018,477,	0,11527,
chr18	72922709	73001905	NM_005786	0	+	72997497	73000596	0	2	489,4503,	0,74693,
chr18	74207476	74210045	NM_001272093	0	+	74207664	74208649	0	3	266,251,1559,	0,758,1010,
chr18	76740274	76758969	NM_171999	0	+	76740274	76757322	0	3	82,3389,2079,	0,11799,16616,
chr18	77662419	77711653	NM_025078	0	-	77663975	77710926	0	6	1764,217,54,134,302,73,	0,16764,31549,40909,48304,49161,
chr18	77662419	77711653	NM_001146345	0	-	77663975	77710926	0	5	1764,217,134,302,73,	0,16764,40909,48304,49161,
chr18	77662419	77711653	NM_001146343	0	-	77664121	77710926	0	4	1764,134,302,73,	0,40909,48304,49161,
chr18	77623667	77659816	NM_012283	0	+	77623667	77659816	0	2	624,777,	0,35372,
chr18	77794345	77810652	NM_024805	0	+	77794495	77806155	0	7	308,43,177,113,85,74,4879,	0,2322,2984,4159,7789,9866,11428,
chr18	77794345	77810652	NM_001171967	0	+	77794495	77805937	0	6	308,43,177,113,74,4879,	0,2322,2984,4159,9866,11428,
chr18	77732866	77748532	NM_006701	0	-	77733684	77748392	0	3	990,104,293,	0,4731,15373,
chr18	77866914	77898228	NM_014913	0	+	77875425	77896692	0	4	442,121,90,4734,	0,8498,24071,26580,
